author,review,rating,vote_count,date,reply
,,,,,
Ket Ket,Ive been using this app for a few years now and have had several problems. First the app cleared itself and I lost all my saved songs. Recently I can no longer listen to the original song only remixes and nightcore. Now the app keeps randomly pausing itself while Im trying to listen. It cant be m...\nFull Review,Rated 2 stars out of five stars,9,"April 7, 2020",
,,,,,
gamergirl funtimes,"Very good! Love it so much!! I just wish you could download the audio so you could use it for apps like Kinemaster, it would make this app even better! This is only a suggestion, I wont be ticked off if it isnt added, thanks if you add it! (I will forget to edit this when you do, lol)",Rated 5 stars out of five stars,11,"April 4, 2020",
,,,,,
Hailey Hoheisal,"when I first got this app, it was really freaking good, like it played songs that were pretty much the same, and also whenever I searched up a song, its showed the exact song I was looking for and it was a pretty good app overall, I would choose it over many of the apps that are on here and its a ...\nFull Review",Rated 5 stars out of five stars,33,"March 23, 2020",
,,,,,
metalballsz 206,Honestly this is the best music play Ive seen in a long time I dont really get on the phone very much but when I do I prefer songflip its easy to use plus it has a bunch of YouTube videos on it even though theyre not videos or actually just the sound of the videos still funny as hell listen to y...\nFull Review,Rated 5 stars out of five stars,35,"March 19, 2020",
,,,,,
Teresa Forehand,Its really nice I do want to say some of the songs dont play but other than that its a really good app. I think its also really good because there are ads but it lets you skip those and you dont have to sit there for 30 seconds to listen to three songs.,Rated 5 stars out of five stars,,"April 10, 2020",
,,,,,
Atcha,"This app is just what Ive been looking for! Its easy to use and its free. The problem with it is, that when Im trying to find a song, there are so many remixes. Although this may be ok for some, it would make it easier if you put the original at the top. Also some of the songs dont play. I dont ...\nFull Review",Rated 4 stars out of five stars,,"February 24, 2020",
,,,,,
jiatong xie,"I personally like this app because it has a lot of songs to choose and remix and not only that you can download it for free , you can download the songs in the ap for free and you can listen it off line like not all apps does that but this its awesome with unlimited times of using or playing songs ...\nFull Review",Rated 5 stars out of five stars,14,"March 19, 2020",
,,,,,
Superior Duck,"it good, better than spotify in my opinion because no ads while listening along with much bigger variety of music.. A way to upload your own music would be appreciated, however, because most of the songs I get when I try to look something up are bs remakes nobody wants to hear. For example : Portal ...\nFull Review",Rated 4 stars out of five stars,,"February 10, 2020",
,,,,,
Eirini Makarova,"Some songs are fake, not the real thing just people copying the singers. Its annoying but when you find the right song its pretty good. Also an other bad thing is they only let me select 60 song before they told me to give them 5 star rating or I cant listen to songs anymore.",Rated 1 stars out of five stars,12,"March 15, 2020",
,,,,,
Alex C,"Its a great app, but I dont like how its forcing me to review it so I can listen to my songs. Other than that its great, also, I hate how it wont just give me my song, but instead, it shows covers. Like, if I was asking for covers, I WOULDVE SEARCHED UP COVERS. But, other than that, its good",Rated 3 stars out of five stars,,"February 8, 2020",
,,,,,
Saroyus,"I never usually write reviews, but finding this gem of an app in a sea of ad filled, premium pushing streaming apps, this one really does stand out. Music streaming feels liberating - no need to listen to ads pushing me to use their premium service, no forced shuffling and somehow always getting the...\nFull Review",Rated 5 stars out of five stars,,"January 25, 2020",
,,,,,
Cheri Rabu-sama \xe2\x80\xa2\xe2\x80\xa2\xe2\x80\xa2,"The app was great, until today. Its gotten to this point where it wont play any songs on my playlist except for two songs. Ive even tried tapping on other songs on my playlist, but itll only play two songs. Please fix.",Rated 2 stars out of five stars,,"March 21, 2020",
,,,,,
Zayziri o.o,"Its a great app. Im able to find the songs Im looking for. The playlist management is very easy. The ability to save your playlists to your Google account is also very useful, especially when switching to another device! Love the app, there arent any like this one.",Rated 5 stars out of five stars,,"March 17, 2020",
,,,,,
ancient timegames,I love this app you dont need to login or sigh in you just type the song you want and though it might not always be the right pitch or person singing it but its my favorit music plus it lets you Alison to it on different apps and games Im listening to it as I type sub to anchant timeframes my chan...\nFull Review,Rated 5 stars out of five stars,,"April 4, 2020",
,,,,,
Potato Savvy,"I really like this app, I was able to find songs I couldnt when I searched them on spotify, pandora, and all the other ones, I really love that there are no ads and you dont have to pay for uninterrupted music",Rated 5 stars out of five stars,,"April 6, 2020",
,,,,,
Elizabeth Bryant,"It has most of the songs I like that I couldnt find on another app.the only problem is that the bar that comes down with play,pause,and other stuff keeps popping down randomly and when I swipe to remove it it comes back 5 min later which is really annoying",Rated 4 stars out of five stars,,"April 6, 2020",
,,,,,
Edward Fritz,Ive enjoyed sound clip for years now with the Android app and I dont want to say its excellent but with this recent phone that I have which is Obama and Im using it with Wi-Fi it does seem to cut in and out so there could be some upgrades there if possible but otherwise by stars,Rated 3 stars out of five stars,,"March 27, 2020",
,,,,,
A Google user,"After 2 years of songs, my playlist deleted (BY ITS SELF). I used to enjoy this app, but after that I dont its as good as it was before. Also every 5 songs, the playlist delets. Please fix this glitch.",Rated 2 stars out of five stars,1,"March 14, 2020",
,,,,,
Olivia Stanton,"So Im doing this because once you play 60 songs you have to unlock unlimited by giving them 5 stars, share them on Twitter or share them on Facebook but.... this is one of the best apps that youll find out there its one of the best cus I havent tried them all.",Rated 5 stars out of five stars,,"March 30, 2020",
,,,,,
Grace Guzman,"I change from a 5 star to a 2 star cause I was adding music to my playlist and all of a sudden, it removed everything I had and when I restored, it only restored 172 songs and I currently had 241 so I apologize about it, I like the app but I dont know why it removed my playlist.",Rated 2 stars out of five stars,,"March 15, 2020",
,,,,,
DopeQueen 22,I like it because Im able to listen to music offline and turn off my phone while listening to music which really helps saves my battery but if theres ever an update please fix the problem certain songs made by the actually artists dont work and they dont play and I can only find covers that work...\nFull Review,Rated 5 stars out of five stars,,"February 13, 2020",
,,,,,
Jessica X,"Its an amazing app, it really is. Its just once youve played 60 songs it makes you either rate them 5 stars or share the app on Facebook or Twitter which is so stupid considering I dont have any of those social medias. Im only rateing this a 5 star so I can continue to listen to my music. Anothe...\nFull Review",Rated 5 stars out of five stars,12,"February 6, 2020",
,,,,,
MizJnai Green,"Most songs you try to look for you wont be able to find on here. And most songs you click on wont play, or the ones you have in your play list wont play any longer. Not the original songs or the person singing the songs. All in all, you have your own place list, and jam all day.",Rated 4 stars out of five stars,,"February 9, 2020",
,,,,,
troy stephens,I cant even star to describe how amazing it is i can go anywhere and it would still play i can play other games and it would stil play and i can even shut my phone off but what is the coolest thing ever is that i can set it to play the song over and over again i love the app that i want to have it f...\nFull Review,Rated 5 stars out of five stars,,"March 25, 2020",
,,,,,
Tigers_Are_cute :D,"It actually really good, with the amount of music you can select from! You can swip the app away and turn your phone off, etc. It doesnt drain your battery that much either its actually seemingly useable, it has not drained my battery at all and I thought it would go in a instant. 5 stars, perfect ...\nFull Review",Rated 5 stars out of five stars,,"February 19, 2020",
,,,,,
Jack Morales,"This app is great for listening to music. Unlike spotify you can actually find certain remixes and songs you couldnt get on spotify but, there is just one thing that ticks me off and makes me rate this app a 2 star, there are soooooo many songs that wont even load through and play! For an example:...\nFull Review",Rated 2 stars out of five stars,,"March 12, 2020",
,,,,,
thepuppetboy87,"Its great almost every song i can think about is on here, but i dont like how it gives you a lot of ads when trying to find a song, but it even works when my phone is off so thats cool",Rated 4 stars out of five stars,,"March 30, 2020",
,,,,,
this is a pair,I love this app but a lot of the songs I like are covers or recorded on someones I pad or something but when you can find the right song its fantastic no ads its free and theres no dumb suggestions for songs plus unlimited skips and if you dont want ads close the app and guess what it still play...\nFull Review,Rated 5 stars out of five stars,,"March 6, 2020",
,,,,,
Rose Woods,This is vary good app you dont have to pay for anything . This app doesnt even need WiFi to work if your songs arent working all you have to do is reload it and your songs are back on!,Rated 5 stars out of five stars,,"April 7, 2020",
,,,,,
BobTheKiller,"In my opinion this app isnt very good because, it has ALOT of ads, some of the songs dont even play, and like 5 minutes after i used it, it said rate 5 stars share on twitter stuff like that, and if i didnt it wouldnt let me use that app so i got angry.",Rated 1 stars out of five stars,,"March 25, 2020",
,,,,,
Jay,Okay...so it was an alright app before but...you really really need to fix the original artist error example: Pork Soda- Glass Animals (original artist who wrote the song) *plays song* and it doesnt work...the audio is just gone...please fix it then my and probably everyone elses will be at 5 star...\nFull Review,Rated 5 stars out of five stars,,"February 10, 2020",
,,,,,
braydyn poe,Its so cool it does not cost Wi-Fi so just in case if you just want to play some music on the go this is the app and you can watch so many cool songs things you can have them in the Ashley is real songs on there and its not a scam I promise download this app it is the best and you wont regret it,Rated 5 stars out of five stars,1,"January 30, 2020",
,,,,,
Jades Gaming,Im just doing this to get full access but other than that its a really good app and has alot of songs on it to. Some of them are covers but it wont say in the title wich is somtimes annoying. Or they just dont have the actual song on the app to if we can just fix that then its perfect,Rated 5 stars out of five stars,,"January 14, 2020",
,,,,,
Imogen Jackson,"Good app, plays in the background without using too much battery. Sometimes requires data, sometimes doesnt. Some songs wont play entirely, even with WiFi or data, like the yungblud file I made, even though it used to be fine.",Rated 4 stars out of five stars,,"January 22, 2020",
,,,,,
Bill Stevens,"Had rated this at five stars to get unlimited plays. But, after continued badgering for more five star reviews, inability to automatically move to the next song, and a limited and naff selection of songs in most categories (subjective I know), Im uninstalling.",Rated 1 stars out of five stars,4,"January 19, 2020",
,,,,,
Heaven Vega,Good downloader lets you download good section of music they give you alot of options offline music to when you start adding up you play list you need to make sections for different songs to much on one will disappear but yes its an interesting n fun n easy to do simple type what u want to listen ...\nFull Review,Rated 5 stars out of five stars,,"February 21, 2020",
,,,,,
STRENGTH RENEWED AMBIENCE,"a wonderful app for music lovers and most importantly an epic app to experience & learn of new music. Great app, lots of easy ways to discover new music with how it lists various artists of the same genre.",Rated 5 stars out of five stars,,"April 4, 2020",
,,,,,
milton mezquita,"Ive had for some time now. Never had any issues till i replaced my phone. Same kind, just now more than half the songs dont play anymore.",Rated 2 stars out of five stars,,"March 28, 2020",
,,,,,
Roxana Luebano,"Its so expressional and I always play my favorite song its, its you I love this song so much but I dont know why I love this song so much but this song reminds me of my boyfriend when we broke up \xf0\x9f\x92\x94.I think this app should be for everyone and they should have this app to hear all of their favori...\nFull Review",Rated 5 stars out of five stars,,"February 17, 2020",
,,,,,
dragon keeper,its amazing and I love the offline feature. though I would like to know how one can upload new music to the app as Ive noticed I couldnt find some songs that id love to have on my playlist,Rated 5 stars out of five stars,,"March 26, 2020",
,,,,,
Neev Challagulla,Most of the songs are either remixes or covers. Some are broken and have gaps In them and sometimes they just dont play. I dont know how to fix it if you even can. In total just a bad experience and I will uninstall.,Rated 1 stars out of five stars,,"January 25, 2020",
,,,,,
Adrian Hernandez,"Its not loading the app anymore, I get into it but it doesnt load which makes my music unable to be listened to and I cant search for nor play any more songs, its been like this for a couple of days now and its really annoying",Rated 3 stars out of five stars,,"January 24, 2020",
,,,,,
Chill Gacha,"Look, Im just doing this so I can listen to more songs on my playlist. This app is great, you can listen to music when your device is off, over other apps, etc.",Rated 5 stars out of five stars,,"April 1, 2020",
,,,,,
Laura Forrest,Its the best music app ever! I would recommend this product to people who love to listen to music. Thanks for making this devolepors. My only criticism is that you cant play infinite songs you have to do tasks.,Rated 5 stars out of five stars,,"January 27, 2020",
,,,,,
Sunday Nelson,"I like this app it plays almost any kind of music I want it to. But Im mostly only giving it 5 stars because I haft to, to be able to get all songs. So other than having to give it five stars I would probably give it 3.",Rated 5 stars out of five stars,,"February 11, 2020",
,,,,,
Bsadwithme,"Its a really good app, Im not sure if this only happens with me but some songs dont work, like they dont play, other than that its an awsome app\xf0\x9f\x91\x8d",Rated 4 stars out of five stars,,"March 26, 2020",
,,,,,
Ruben Kakola,"This website is good for someone who has no other options but to listen to this website, otherwise this website is not really, that good, you dont get to listen to every single song. You only listen to songs that the the website chooses, you dont even get to listen to popular songs.",Rated 2 stars out of five stars,,"January 29, 2020",
,,,,,
EmilyThompson,"really good app for downloading music , there are tons of songs and the audio is pretty good as well. you can also listen to music on other apps and when you are not on your phone . so if you want a good music downloader I definitely recommend getting this one its great \xe2\xad\x90\xe2\xad\x90\xe2\xad\x90\xe2\xad\x90\xe2\xad\x90 \xf0\x9f\x98\x8a",Rated 5 stars out of five stars,1,"January 29, 2020",
,,,,,
Luna Wolfie,THIS APP IS AMAZINGGGG!!!! It helps a lot because sometimes I have to put in music into my videos and sometimes i dont have the resources i need to do that. But when downloaded this app it helped me a lot!!!,Rated 5 stars out of five stars,,"January 26, 2020",
,,,,,
Alex the queen,I really like this app I think its a wonderful wonderful amazing up at first when I downloaded it I didnt know about it will of course but its a really really cool and unique app where like you can listen to music for free and this is like the only app that I found out about that you can listen t...\nFull Review,Rated 5 stars out of five stars,,"February 24, 2020",
,,,,,
Pok\xc3\xa9Nova 11,imma be honest. its really good. i listen to music on a daily basis and i just love how i can just turn off my phone and still have music playing in the background. its a great way to save battery life.,Rated 5 stars out of five stars,,"March 22, 2020",
,,,,,
Sam Stafford,You can\t find any original covers and its extremely annoying. I spent an HOUR looking for the original version of candle in the wind by Elton John and I didn\t find any original covers at all.,Rated 1 stars out of five stars,,"March 4, 2020",
,,,,,
lynnthewolf,"i use this app all day ery day! Works like a charm UwU\xf0\x9f\x91\x8c but the ads that pop up randomly get on my nerves, but ,other than that, best music app u dont have to pay for \xf0\x9f\xa5\xb4\xf0\x9f\xa5\xb4\xf0\x9f\x98\x8am.j",Rated 4 stars out of five stars,,"March 19, 2020",
,,,,,
Connor Cheramie5,"Good lord this app is amazing. You can listen to songs for free, and with barely any ads with sound that obstruct your listening. Some people complain about the, rate 5 stars for unlimited music thing, but if you listen to 60 songs on an app, then that means you like the app, so it would make sens...\nFull Review",Rated 5 stars out of five stars,571,"December 25, 2019",
,,,,,
Katana Nunya,I love the way SongFlip has remixes of the song and its original sound. Sometimes the song doesnt play though. But its a good usage for when I want to listen on the go.,Rated 5 stars out of five stars,,"January 24, 2020",
,,,,,
Zoe Slagle,"Its an AMAZING music app if you want music to play while turning off your phone or iPad, its easily acceses able, you can add different types of songs then you can play all of them with one touch.",Rated 5 stars out of five stars,,"January 30, 2020",
,,,,,
A Google user,"This is a really good app, i recommend you use it. In my opinion I think it is better than Spotify, although I hate the glitch that deletes the playlists but from that its really good.",Rated 5 stars out of five stars,1,"February 24, 2020",
,,,,,
B R E A K M Y M I N D,"it was a pretty great app! it had more songs that most music players do, and I felt that was pretty awesome.",Rated 5 stars out of five stars,,"April 8, 2020",
,,,,,
LISA Myers,"This was a great app!! You can choose from so many songs, make your own playlists and its so easy to manage!! Would recommend it to ANYONE!!!!!",Rated 5 stars out of five stars,,"January 20, 2020",
,,,,,
Peril Playz,"The app worked good for a while, but for some reason wont play the majority of songs I click on or add to playlists now. It was my go to for music for about a year.",Rated 5 stars out of five stars,,"March 8, 2020",
,,,,,
Warren Vanmeter,I love everything about it but you cant play more than V 15 or 16 60 you cannot play 60 songs you can play 60 songs but I really love this song Flip,Rated 5 stars out of five stars,,"April 10, 2020",
,,,,,
SJ Dragneel,This app is pretty good. If you like nightcore songs then your probably gonna like this app. You cant type up smh without WiFi but you can use the songs in your playlist without WiFi. This app is also a free app so why dont you go ahead and try it out?,Rated 5 stars out of five stars,1,"February 22, 2020",
,,,,,
A Google user,"Its pretty good, I enjoy it tho it doesnt have the original to many songs I enjoy listening to, I still recommend it for people that want to listen to some they know and enjoy",Rated 5 stars out of five stars,,"February 26, 2020",
,,,,,
ghg fggh,Awesome I LOVE it it was so good because I searched up Arabic songs because I am Arab but the only thing was that I cant turn the WiFi off and still listen to my songs but regardless it was awesome!,Rated 5 stars out of five stars,,"March 19, 2020",
,,,,,
James Cumins,"There are a lot of ads for games but this is still my Favorite app!! offline music, fun place to explore lots of covers and original music from new artists.",Rated 4 stars out of five stars,,"January 28, 2020",
,,,,,
Steph Johnston,"This is an amazing app, you have a playlist, and you download music. It also lets me listen to music offline, without using data. The only problem is that some of the music doesnt work, and you cant download music offline unless you use data. I really hope that these problems get fixed, but other...\nFull Review",Rated 5 stars out of five stars,,"January 5, 2020",
,,,,,
Johnny Thceeds,"This app is amazing! Its the only one where you can play songs without paying for it! There are a few things, some of the songs sounds like theyve been recorded over telaphone. There are also songs that are not on the app. Thats normal for all music apps tho! I enjoy this. I tried so many apps and...\nFull Review",Rated 5 stars out of five stars,16,"October 28, 2019",
,,,,,
Majo Wheeling,"Its a pretty decent app, the only reason why Im doing this is because I get unlimited usage this way... kinda l stupid, but whatever. So yay, they now have five stars from me!",Rated 5 stars out of five stars,,"January 20, 2020",
,,,,,
shane darst,"I love this app. The only thing is that when I play some of the songs they wont play, even if I restart my phone it wont work other than that this is the best approach ever!!!",Rated 4 stars out of five stars,,"March 8, 2020",
,,,,,
Rocio Palacios,i love it because it is the best it lets you play music off line when the phone is off its the best things in my opinion on your phone Like so you have to get the app now now,Rated 5 stars out of five stars,,"April 5, 2020",
,,,,,
Soullesst Hart,"At first, I liked it, but the controls were confusing and I would always end up deleting my playlist on accident, one time it came back, but this time I couldnt get it back, and when I started to recreate it, it just disappeared, I only saved it when I had just added 1 song to it so I had to start ...\nFull Review",Rated 2 stars out of five stars,,"January 2, 2020",
,,,,,
Arlett Munoz,"I think this app is great. It has a bunch of the songs that like (not all). The only two issues with this app is that some of the songs that I like arent are there and the menu a only a little bit complicated. But overall, this apps great! I would really recomend it over all the music apps. What I ...\nFull Review",Rated 4 stars out of five stars,,"January 6, 2020",
,,,,,
A Google user,Didnt know I had down loaded a app to hear other ppl sing the original songs I was trying to hear!! Plus when your searching for a song its not on there oh yes it is other ppl trying to be on American Idol.,Rated 1 stars out of five stars,,"January 18, 2020",
,,,,,
Cookie_ _Gurl,"Its really good app,the only thing about it is that it doesnt work very well with internet and sometimes the music wont play.",Rated 5 stars out of five stars,,"March 18, 2020",
,,,,,
Trans Minecrafter,"This is my favorite app! Its easy to use, and well organized. I also like that ads show up in the list after every three songs instead of being scattered.",Rated 5 stars out of five stars,1,"February 5, 2020",
,,,,,
Dirty DUNK71,It is a great app I have had it for 3 years and it is still really good but it would be nice that when you are offline that all of your songs in your play list would play instead of 3or 9,Rated 5 stars out of five stars,,"January 20, 2020",
,,,,,
The Risers Of The Night,"It WAS a great app, but when I opened it this morning, I tried to search for, Drunken Sailor but it pulled up, Wanted Everything. I tried another song, and it put the same thing. Not sure if this is a glitch or bug, but I still use this app. Please help with this. I really like this app. Edit: T...\nFull Review",Rated 4 stars out of five stars,32,"December 6, 2019",
,,,,,
Modupe Osin,It plays all songs you want and can find most songs that i like and playlist you can jumble arounds songs you like one problem is as soon as your about to play your song and ad distrubes the music overall this app is worth getting.,Rated 5 stars out of five stars,,"February 10, 2020",
,,,,,
Jonathan Leake,"Its an excellent app with NO restrictions! You can play your favorite songs for free while displaying other apps, AND without the floating video player \xf0\x9f\x99\x8f\xf0\x9f\x8f\xbe",Rated 5 stars out of five stars,,"March 23, 2020",
,,,,,
Rosa Martinez,"I would give it 5 stars if some of the songs would play, some of them dont stream at all, but overall its a really good app",Rated 4 stars out of five stars,,"March 26, 2020",
,,,,,
\xec\x95\x88\xeb\x85\x95 \xe1\x84\x8e\xe1\x84\x8b\xe1\x84\x8e\xea\xb9\x80 \xec\x95\x94\xeb\xb2\x84\xeb\x8b\xa4,"I\m still using it because all the other music apps either cost money or they just suck so bad, I feel like throwing my phone out of a 10 story window. This app needs remodeling. Everytime I don\t have wifi but I have downloaded music, my music won\t play. All my downloaded music would need wifi t...\nFull Review",Rated 2 stars out of five stars,,"November 27, 2019",
,,,,,
Mina,"Overall experience is good so far, but now I cant search up my songs? My friend said that she was able to play her Playlist offline (without WiFi too) but I cant seem to do the same... is there something wrong with the app? Or is it just broken for me? Please tell me, whoever knows.",Rated 5 stars out of five stars,,"January 12, 2020",
,,,,,
Samantha Harris,Love the international and large selection of songs. Songflip is the only app I use. Love love love it!!! Thank you from the bottom of my heart.,Rated 5 stars out of five stars,,"January 21, 2020",
,,,,,
South Indian,Its a great app wherevyou can do multiple things on your phone at a time the best thing is its completely free but sometimes om my playlist it says it cant play a song and skips to the next one i hope this bug gets fixed but averall this is an amzing app,Rated 4 stars out of five stars,,"February 19, 2020",
,,,,,
Nevaeh Vigil,When I first got on to this app I saw many of the songs I liked. And it had many choices you can choose from so I was happy about that.,Rated 5 stars out of five stars,,"March 25, 2020",
,,,,,
Samia Al Kholani,"It was a great app, really smooth and i had a great expirence. There was nothing that annoyed me about it and it was great.",Rated 5 stars out of five stars,,"March 27, 2020",
,,,,,
AW Fox,"Hands down the best completely free music streaming app I found. Sure their search is kind of wonky but I can find what I want. Yes, Ive used Spotify and Deezer (to replace YouTube because of ads) and I must admit that I actually hate them. I mean, I never thought that I would hate not being able t...\nFull Review",Rated 5 stars out of five stars,,"December 20, 2019",
,,,,,
Ada ada,It amazing I had this app for a long time and I really like this app it is amazing and also it is bad becuse if you want more songs you have to rare this app or share it to lisen to more songs,Rated 4 stars out of five stars,,"April 2, 2020",
,,,,,
Carson Sauber,Its alright. Its free. Only give ads when your seacrching for songs to add to your playlists. Itll only play offline if you play all the songs at least once or twice online \xf0\x9f\xa4\xb7\xe2\x80\x8d\xe2\x99\x82\xef\xb8\x8f,Rated 4 stars out of five stars,,"February 13, 2020",
,,,,,
Penguin boy,"It is the best music app in my opinion, and mostly even if I turn off my phone the music still plays.",Rated 5 stars out of five stars,,"March 30, 2020",
,,,,,
xXPocket of PosiesXx,"Amazing!!!! It lets me play songs that i like offline! And even though some songs dont work, it still is really good! You can change my thoughts otherwise. Because this is a 5 star app! Totally reccomend it, unlike some other apps i tried. This is Amazing!",Rated 5 stars out of five stars,,"December 24, 2019",
,,,,,
Monica Lopez,Ive used this app for years and its always pulled through. Sometimes theres some songs that dont play but restarting my phone or reconnecting to the wifi has fixed it every time.,Rated 5 stars out of five stars,,"January 25, 2020",
,,,,,
Thomas Roberts,I like the variety of music on this app. Ive used others but this one is seems to be much better. There are ads but for free I rate it 5 stars,Rated 5 stars out of five stars,,"February 16, 2020",
,,,,,
Angie Murray,My favorite music App. Hands down. Could even be better if there were an offline download option. For free\xf0\x9f\xa4\xaa\xf0\x9f\x92\x83\xf0\x9f\xa4\xb7\xe2\x80\x8d\xe2\x99\x80\xef\xb8\x8f I salute song flip. Amazing!,Rated 5 stars out of five stars,,"April 3, 2020",
,,,,,
Issabella Strickt,Love this app have had it for years and its got a update not long ago making it able to save your playlists 2 your Google account as long as you keep pressing back up when you restore you get the songs that you love on any and every device as long as you hook up the Google account that has the musi...\nFull Review,Rated 5 stars out of five stars,,"November 20, 2019",
,,,,,
ashley smith,I love this app! Its really good has any song you want its very easy to access your play lists and you get unlimited songs for free!,Rated 5 stars out of five stars,,"January 17, 2020",
,,,,,
Kale Harry,this does work without WiFi but some only a lil bit wont work its still good after you play sixty songs you have to rate this to play eliminated songs so giving everyone a heads up (yes thank you for working app thing),Rated 5 stars out of five stars,,"January 24, 2020",
,,,,,
Armando Roman,It is amazing I can listen to music without it kicking me out of the app I can turn off my phone and still use it I can use other apps and still use it so cooooolll,Rated 5 stars out of five stars,,"February 2, 2020",
,,,,,
Nightmare Wolf :p,Its amazing. My phone wont work anywhere else but the house and when I download a song I can hear it offline anywhere!!!,Rated 5 stars out of five stars,,"March 1, 2020",
,,,,,
Jose Diaz,I used to think it was good but then it wouldnt let me play any songs and I keep pressing the song and it denies it I would hate to uninstall this app so please fix this,Rated 2 stars out of five stars,,"March 21, 2020",
,,,,,
Ruby McLeod,"I honestly love it. The thing is, there are lots of ads and its hard to find the original song half of the time.",Rated 4 stars out of five stars,,"March 21, 2020",
,,,,,
gabe thomas,It works good offline if you listened to the song all the way through online but other than that its a great app,Rated 5 stars out of five stars,,"April 1, 2020",
,,,,,
Ella Greene,"Great app, most songs are covers and dont play, but all in all, great app, and if your that kind of person that likes going on instagram or WhatsApp etc while listening to music it plays over, one thing though, one you have played 60 songs it askes you to rate or share on twitter...",Rated 4 stars out of five stars,,"October 26, 2019",
,,,,,
AllOuterGamezGamerzNub 123,"Great, Finally a song finder app that allows you to listen to music offline and not having to be on it to listen, Just a complaint sometimes when Im going through my playlist there is this glitch where I cant listen to the music when offline plus whenever Im trying to find a song it doesnt show t...\nFull Review",Rated 5 stars out of five stars,32,"October 29, 2019",
,,,,,
Invisible Neko,I love this app so much \xe2\x99\xa1 But...it kinda kept trying to force me to put 5 stars...so I put 3 cause like...I hate doing wut ppl tell me to do. MY real review is everything is reall find but sometimes if your listening to your playlist it gets stuck on the same song. Also it has good music but not all...\nFull Review,Rated 3 stars out of five stars,,"November 3, 2019",
,,,,,
Modest Cereal,"Ive had this app before and the only problem i have seen from it is that, after you listen to a song it stays in the notification bar. Ive tried everything, ive tried to pause the song and close the app but it stays there. The only way i got it to go away is by disabling notifications for that app. ...\nFull Review",Rated 4 stars out of five stars,,"December 6, 2019",
,,,,,
Rebecca John,This is such a awsome app! Im not just saying this to get unlimited song privilege. Im sayig this because it has like EVERY song in the world! All the categories and even Nightcore! I love this app and i appreciate all the work the creator(s) put into this. AND ITS FREE!! I recommend if you pass b...\nFull Review,Rated 5 stars out of five stars,44,"December 8, 2019",
,,,,,
Lucy Honeycutt,"I like this app but some songs arent on it. And im really annoyed of trying to find a song but there are only covers. But this is also AWESOME. But also, i kinda dont know how to add songs so i would find the perfect songs with no covers. Thanks for this amazing game! Merry Christmas!",Rated 4 stars out of five stars,,"December 25, 2019",
,,,,,
Ieva Nesvarbu,"A great app, but you cant play music by the original creator, also this app hasnt been updated since 2018 thats probably why it doesnt exactly work",Rated 3 stars out of five stars,,"January 15, 2020",
,,,,,
Madelyn Polege,It made me rate it to be able to use it more. The songs also dont sound like the original. They definitely sound distorted.,Rated 3 stars out of five stars,1,"January 26, 2020",
,,,,,
Jamie Ulloa Mora,"Really good app, has all kinds of music including kpop! Can use other apps while listening to your playlist and this app also gives you an option to back up your playlists",Rated 5 stars out of five stars,,"January 25, 2020",
,,,,,
Autumn Lewis,"Awesome! It has every song Ive wanted to wish for. Just a few errors here and there, but this is great!",Rated 5 stars out of five stars,,"April 3, 2020",
,,,,,
A Google user,Im having trouble with the music playing. Like only certain songs will play and when it gets to certain songs or certain playlists it doesnt play the song it just stops and sits there. Please fix this I really like this app otherwise and I dont want to have to find another one.,Rated 2 stars out of five stars,,"November 26, 2019",
,,,,,
Lyla Koval,"It is great for listing to music offline!Though after 60 songs being played You have to rate the app five stars ,share it on Twitter, or on Facebook Otherwise than that I think its Great!",Rated 5 stars out of five stars,17,"February 7, 2020",
,,,,,
Christopher suazo,So I had this app for over a year now and it works really well the only problems I have is that sometimes I cant find the songs I liked but thats a bit subjective and sometimes when I search up a song and play it it could not be heard from like its paws or something and every time someone calls me...\nFull Review,Rated 4 stars out of five stars,,"January 12, 2020",
,,,,,
Mellow Cloud,the sound quality is amazing i suggested this to my mother and she now uses it instead of amazon music as its free!!!,Rated 5 stars out of five stars,,"March 30, 2020",
,,,,,
Rita Rasner,"This app is very good because you can find all of your songs, and dont have to be connected to wifi.",Rated 5 stars out of five stars,,"April 1, 2020",
,,,,,
Brian Oneil Rodriguez Martinez,Is pretty good but it still has it downs but it could be fixed easily like the search for songs and ect.,Rated 5 stars out of five stars,,"April 5, 2020",
,,,,,
A Google user,Love it a lot but some songs you cant play which is really annoying.,Rated 3 stars out of five stars,,"March 26, 2020",
,,,,,
Puppet Pix,"Songs are quick to download. Very useful device for listening to music while on the road. Only problem I have is when I try playing a song released by the actual artist (the original version), it doesnt play. Its a weird glitch, please fix it.",Rated 4 stars out of five stars,,"December 14, 2019",
,,,,,
Anelia ElaRose,Sometimes it wont play certain songs I dont know why because Ive had this app for years and its amazing but all of a sudden its just stopped playing certain songs which is a shame because like I said its a really good app I hope you can fix this problem because am always trying to get new people...\nFull Review,Rated 4 stars out of five stars,2,"December 14, 2019",
,,,,,
Jo Smith,"So far, I\d give it a 4.9 stars, not 5 since they\ve only got the long version of Cookie Thumper! by Die Antwoord, instead of the short one. The long one has two minutes of talking in the beginning, so I\m not a fan. Other than that? It\s awesome. Like free Spotify. So yeah, so far, definitely wor...\nFull Review",Rated 5 stars out of five stars,,"January 11, 2020",
,,,,,
Roman Ti,"Automatic roll to next song does not work, every time song ends i have to open the app and manualy click on next song. Is that what u call bug fixes? Also packed with popups...",Rated 1 stars out of five stars,,"January 31, 2020",
,,,,,
Ava Lindner,Really easy! It gives you a tutorial on how it works and then you can make playlists. It gives you a lot of song options!,Rated 5 stars out of five stars,,"February 2, 2020",
,,,,,
Ernest Wright,"Interesting. You let find songs, create an album, but I cant access the album or advance to other songs. Uninstall. Sorry. Fix the glitches. Please.",Rated 1 stars out of five stars,,"February 17, 2020",
,,,,,
Alistair Foote,"Had all of the songs I wanted although it took quite a while to actually play them, I had to wait a clue minutes to listen to a song. 3 star rating",Rated 3 stars out of five stars,,"February 29, 2020",
,,,,,
Kate Rina,The music is soooooo clear ! It shows you many options of the song you want ! I hate the ads though... VERY annoying when your trying to listen & download music.,Rated 4 stars out of five stars,,"March 4, 2020",
,,,,,
Mad4PUG JoshDaBoi,It is wonderful you can play a whole range of different kinds of songs an you can get different versions such as night core.,Rated 5 stars out of five stars,,"March 3, 2020",
,,,,,
A Google user,The app is okay but I would pick a song and the song wont load or when I would look for a song all I would fine is just covers and remixes,Rated 3 stars out of five stars,,"March 26, 2020",
,,,,,
Angelica Serna,"Amazing app,and I was looking for a app that I can use where ever I go then I found this app and I am so happy with it so far omg I am obsessed with it I can stop hearing music on it the music sounds great.hope you enjoy too.",Rated 5 stars out of five stars,,"February 24, 2020",
,,,,,
nathalie yakana,I love how it is setup and how it has sections for the different genres or you could just search. I also love that they have anime music for weebs like yours truly as a matter of fact a have a whole playlist just for naruto music . The best part is that you can get access to play unlimited music jus...\nFull Review,Rated 5 stars out of five stars,2,"January 5, 2020",
,,,,,
Unknown person,"This app is great, you can listen to almost any song while having ur ohonenoff or being on another app and its not even that much storage.",Rated 5 stars out of five stars,,"January 22, 2020",
,,,,,
evil cat plays,its helpful for videos has every song and is easy download now. But if you keep forcing me to share on Facebook or rate five stars....its gonna get annoying for me...,Rated 4 stars out of five stars,,"February 17, 2020",
,,,,,
Silenced Souls,"Terrible. Always stops working while im adding songs to a playlist, and then it removes all of the music on it. Terrible.",Rated 1 stars out of five stars,2,"February 9, 2020",
,,,,,
\xe2\x80\xa2,"Its awesome. I really recommend you get this if you want to listen to music. It has everything. I love it, and I think you would too. Awesome one developers! :D",Rated 5 stars out of five stars,,"January 30, 2020",
,,,,,
Cristan Villarreal,"Amazing,but i can,t delete playlists i accidently made. In next update, can there be a button to delete playlists? Other than that,amazingly made!",Rated 4 stars out of five stars,,"March 22, 2020",
,,,,,
Tacy Lumanglas,"Its nice to use, you can keep the music on even the mobile is switch off. \xf0\x9f\x91\x8d\xf0\x9f\x91\x8d\xf0\x9f\x91\x8d",Rated 5 stars out of five stars,,"March 27, 2020",
,,,,,
AU Reactions,Its good! It makes you rate 5 stars though.. The only other thing is that i keep trying to play this song i like but it wont play..,Rated 4 stars out of five stars,,"January 15, 2020",
,,,,,
ryleigh overtime,"Good I love it love it I use it every day \xf0\x9f\x98\x8d\xe2\x9d\xa4\xef\xb8\x8f\xf0\x9f\x98\x8d\xf0\x9f\x98\x98 if you dont like this app there is something wrong with your head \xf0\x9f\x98\x82 so you have to give it 5 Stars..............,.........................................................u can listen to any song you wanna its so good listen download this app Im ...\nFull Review",Rated 5 stars out of five stars,,"December 11, 2019",
,,,,,
Ell KatCake,"I love the app because you can listen to music offline, but it keeps deleting my songs for some reason. My friend has the same problem. Is there any way yall could look into this? Thatd be great, thanks.",Rated 3 stars out of five stars,,"January 27, 2020",
,,,,,
Katherine Michelle Russell,"I love this app! I have been using it for the last 2 year. Who is ever reading this, this is truly an offline music app. \xf0\x9f\x98\x84",Rated 5 stars out of five stars,,"January 21, 2020",
,,,,,
Jade Hampton,"This is a no bs app, I went through other apps that boasted this apps ability but they dont even come close, it does what it says and gives you an interesting ability to check out even soundtracks you never think of.",Rated 5 stars out of five stars,,"January 23, 2020",
,,,,,
Adam Afzal,its a good app to listen to while on long travels. l like to listen while going on a walk or on a road trip.,Rated 5 stars out of five stars,,"February 28, 2020",
,,,,,
Jana Thompson,Me and my brothers love this app. We put on music every single day and just love it. Thanks for this really great app!!!!!,Rated 5 stars out of five stars,,"March 11, 2020",
,,,,,
Scarlett Dowling,It is really good and I love it. ( I dont it forces me to do this to unlock unlimited useg)\xf0\x9f\x98\xb9\xf0\x9f\x98\xb9\xf0\x9f\x98\xb9,Rated 5 stars out of five stars,,"March 16, 2020",
,,,,,
Art3mas _Wolf,Its good and all. But you cant play without internet connection. Which is annoying when you dont want to use data when you walking somewhere. But in all I rate this a 4 because I can play music I love when I am bored.,Rated 4 stars out of five stars,1,"December 14, 2019",
,,,,,
hi bruh,I like it although it takes a long time to load the whole song and in my opinion I would add it and it already be loaded,Rated 5 stars out of five stars,,"January 27, 2020",
,,,,,
Edwin and Danielle Mondragon,It is I really good app I like it because it is really specific on what songs you one to listen to and its just a great app are you likely also because it does not take Internet and so yeah and that is where like this because this drifted really good app and I would really recommend you guys all ga...\nFull Review,Rated 5 stars out of five stars,,"March 16, 2020",
,,,,,
Liv C,"Great app. Very little adds, and my favorite songs and requests on. Recommend",Rated 5 stars out of five stars,,"March 16, 2020",
,,,,,
Bluebuffoonwithatune you,"Great music app, I use it on all of my devices that its compatible with!",Rated 5 stars out of five stars,,"March 27, 2020",
,,,,,
Music Fanfictions,Pretty cool mate. After youve played a song once you can play it without wifi too.,Rated 5 stars out of five stars,,"April 5, 2020",
,,,,,
SpottedFlake 667,"This is a really fun way to listen to music while offline! It has all of my favorite songs, too!",Rated 5 stars out of five stars,,"April 9, 2020",
,,,,,
That Nightmare,"AMAZING! Great music, and You dont need to pay! Basically..",Rated 5 stars out of five stars,,"April 3, 2020",
,,,,,
ItzWolfy_child,"You can listen to whatever song you want and all the songs are free, so this is a pretty good app.",Rated 5 stars out of five stars,,"April 6, 2020",
,,,,,
J Strength,Its fine its good to have on road trips.and also it say that if u dont give 5 stars or other option it says pick one option to continue listing the songs but its good.,Rated 5 stars out of five stars,,"January 25, 2020",
,,,,,
Bunnie P,"Good app, able to find most of the songs. Just a bit too much advertisment.",Rated 3 stars out of five stars,,"February 4, 2020",
,,,,,
\xe2\x80\xa2XxSaphirexX\xe2\x80\xa2,"It is very great because I love hearing any new songs, and I love the slowed songs. Thank you very much for this app. Have a nice day.",Rated 5 stars out of five stars,,"February 17, 2020",
,,,,,
Daniel Lee,"Good app, has lots of music. Might need to polish it a bit",Rated 4 stars out of five stars,,"March 15, 2020",
,,,,,
Kylie Lynch,"Idk why but everytime I try to play a song made by the accual artist it wont work, and all of the other songs are just covers or badly edited",Rated 1 stars out of five stars,,"January 16, 2020",
,,,,,
Kirishima shark boi,Its nice I like how you can put a song on repeat but I dont like that you have the limit of 60 songs then you have to do something,Rated 5 stars out of five stars,,"January 18, 2020",
