,author,review,rating,date,scores_vader,compound_vader,score_vader,polarity_textblob,subjectivity_textblob,score_textblob
0,Cooper Rayman,Worked perfectly for years and now it\s broken. Every time I open it after a long time it shows Setting up Shazam for few minutes. Then when it finally opens every song will get an error Something isn\t working here. I tried to fix it for months now with no results.,Rated 3 stars out of five stars,"April 9, 2020","{'neg': 0.142, 'neu': 0.783, 'pos': 0.075, 'compound': -0.4215}",-0.4215,Negative,0.05833333333333333,0.5666666666666667,Positive
1,Holly Jackson,"When i put a song on, it says: Shazam couldnt find your song. So, when i first downloaded it (Yesturday a.k.a Wednesday April 8th, 2020) It was fine. But the next day (Thurday April 9th, 2020 a.k.a Today) It was like Shazam couldnt find your song. I put a song on like Outrunning Karma (Cause it w...\nFull Review",Rated 2 stars out of five stars,"April 9, 2020","{'neg': 0.0, 'neu': 0.88, 'pos': 0.12, 'compound': 0.7003}",0.7003,Positive,0.22222222222222224,0.2777777777777777,Positive
2,Lauri Ruut,"Thank you for fixing this issue. Works as goid as before! Before it was all okay, but now I just cant use this app at all. Every time I open it it shows Shasam is setting up and it takes few minutes. Then when all is set up and press the button. Nothing. I just getting an error that somekind of tec...\nFull Review",Rated 5 stars out of five stars,"March 18, 2020","{'neg': 0.06, 'neu': 0.89, 'pos': 0.05, 'compound': -0.3903}",-0.3903,Negative,0.1,0.3666666666666667,Positive
3,Victor Bogaert,It does what i should: to recognize music. But: The app is slow when you tick the three dots. The menu comes up slowly and when you press delete you it can take a while. Certainly when you think about that it only has to remove something. I have an OnePlus 7t and the app is really laggy. I wonder ...\nFull Review,Rated 3 stars out of five stars,"March 21, 2020","{'neg': 0.0, 'neu': 0.96, 'pos': 0.04, 'compound': 0.34}",0.34,Positive,-0.037142857142857165,0.5142857142857143,Negative
4,Ahmad Z.,"We all know Shazam, there is no need to count its capabilities. But please tell me why it doesnt send me the logging in email for my new device? Its based on Android 10, and everything is updated. I have no problem in logging in to web app. But the mobile app does not want to send that email! Fix...\nFull Review",Rated 1 stars out of five stars,"March 23, 2020","{'neg': 0.131, 'neu': 0.834, 'pos': 0.035, 'compound': -0.6501}",-0.6501,Negative,0.17045454545454544,0.4545454545454545,Positive
5,WonderGamer,"App is on the higher end of music detection out of all apps available on Google Play (at least the free ones & on common music in the US), note that it does contain adware however. Lately Shazam has been turning itself back on whenever it feels like it, even if no recent update was installed, having...\nFull Review",Rated 2 stars out of five stars,"April 6, 2020","{'neg': 0.035, 'neu': 0.836, 'pos': 0.129, 'compound': 0.7184}",0.7184,Positive,0.018750000000000003,0.43125,Positive
6,Jasmin Lea,"By FAR the best music search app!!! If youre unable to remember every single song youve ever heard or retain every song youve ever known you would want to hear again, then this app is it.No really!! I stumbled upon this app YEARS ago and since then, shazam has been downloaded onto every device I...\nFull Review",Rated 5 stars out of five stars,"March 28, 2020","{'neg': 0.0, 'neu': 0.888, 'pos': 0.112, 'compound': 0.7696}",0.7696,Positive,0.16821428571428573,0.4428571428571429,Positive
7,First Last,"Apps launches with Setting up message every time, this stays up more than 30 seconds (the song might have ended by that time), and it doesnt recognize anything anymore (it used to work).",Rated 1 stars out of five stars,"April 9, 2020","{'neg': 0.0, 'neu': 1.0, 'pos': 0.0, 'compound': 0.0}",0.0,Negative,0.5,0.5,Positive
8,Janell Natekar,"I was trusting it for double checking software titles to make sure I had given my unknown titles the right names, but now I have some serious doubts about all of them. It thinks that Marc Seales\ Highway Blues is some song called My Music Nikhil by Nikhil Hadar, just because he\s also uploaded som...\nFull Review",Rated 1 stars out of five stars,"April 7, 2020","{'neg': 0.075, 'neu': 0.863, 'pos': 0.062, 'compound': -0.1901}",-0.1901,Negative,0.07047619047619047,0.5382539682539682,Positive
9,zachary humphries,I have never given a 1 star rating before... but I recieved a notice this morning that Shazam had been using my microphone in the background for almost 9 minutes. That is a complete breach of privacy and I am deleting this application immediately.,Rated 1 stars out of five stars,"April 9, 2020","{'neg': 0.0, 'neu': 1.0, 'pos': 0.0, 'compound': 0.0}",0.0,Negative,0.1,0.4,Positive
10,Sumukh Phalle,"New updates ruined app experience! Everytime, for every shazam it says we saved your shazam. Everytime it forced to open app and then look after shazamed song. Also shazam is not working well while using headphones. Worst using experience. No attention from developers. Apple you destroyed all app ...\nFull Review",Rated 1 stars out of five stars,"March 26, 2020","{'neg': 0.279, 'neu': 0.677, 'pos': 0.044, 'compound': -0.9313}",-0.9313,Negative,-0.2823863636363637,0.5386363636363636,Negative
11,JellyKit,"Though this app is really just on the hype so I didnt tried but this month installed it and tested this out, Im really feeling sorry about myself for not trying this app to discover new music or music. 10/10 because the offline mode is really working properly and the online mode is really awesome.",Rated 5 stars out of five stars,"March 22, 2020","{'neg': 0.058, 'neu': 0.808, 'pos': 0.134, 'compound': 0.7692}",0.7692,Positive,0.17662337662337665,0.4506493506493507,Positive
12,Nathan Heaston,"Shazam use to let me add the tracks it finds directly to my spotify playlists. Not sure why this isnt a feature anymore, would like to have to back. Minus one star for that. Otherwise really great app, I rarely come across a track it cant find and thats awesome. Thanks!",Rated 4 stars out of five stars,"March 31, 2020","{'neg': 0.033, 'neu': 0.727, 'pos': 0.24, 'compound': 0.922}",0.922,Positive,0.2625,0.5298611111111111,Positive
13,\xd7\xa0\xd7\x93\xd7\x91 \xd7\x9e\xd7\xa0\xd7\x93\xd7\x94,"A very good app most of the times but, sometimes it gives wrong songs for samples. The annoying part is that you cant let them know that song is not correct, frustrating..",Rated 3 stars out of five stars,"April 9, 2020","{'neg': 0.204, 'neu': 0.741, 'pos': 0.055, 'compound': -0.7652}",-0.7652,Negative,-0.058000000000000024,0.7959999999999999,Negative
14,Tristan Perez,Is it just me or is auto Shazam not working? I leave it on with music playing and nothing is Shazaming. It used to work but I have know idea whats going on with it now. I used to use it daily but now its not really working. It was a great app to help find music I randomly heard.,Rated 3 stars out of five stars,"March 22, 2020","{'neg': 0.0, 'neu': 0.814, 'pos': 0.186, 'compound': 0.8927}",0.8927,Positive,0.05000000000000002,0.3625,Positive
15,Jamie ,This app constantly turns on auto shazam on its own. Ill turn it off only to look at my notifications to see that its been listening for hours. Very suspicious and I cant disable this.,Rated 1 stars out of five stars,"April 10, 2020","{'neg': 0.149, 'neu': 0.851, 'pos': 0.0, 'compound': -0.6801}",-0.6801,Negative,0.06,0.7266666666666666,Positive
16,Dragon Flare,"I tried to use pop-up shazam, and I have to reopen the app just to get it to work. This is quite unfortunate, because this app was great until this. Please fix this issue, as its unhelpful if I want to find a song now, and the app decides it doesnt want to work.",Rated 4 stars out of five stars,"April 1, 2020","{'neg': 0.057, 'neu': 0.785, 'pos': 0.157, 'compound': 0.5729}",0.5729,Positive,0.15000000000000002,0.875,Positive
17,Mendicant Biased,"What\s this song? I ask. Dunno, replies Shazam. What about these? No idea. Shazam hasn\t recognized a single one of the songs I\ve listen to. Not one. I\ve pressed that button maybe a thousand times and it always responds No result. What an awful app.",Rated 1 stars out of five stars,"March 26, 2020","{'neg': 0.166, 'neu': 0.834, 'pos': 0.0, 'compound': -0.7757}",-0.7757,Negative,-0.5357142857142857,0.6071428571428571,Negative
18,Lisette Anne Virginie,Hi... the app is pretty cool but sorry... on my phone SM-A750F the pop up while using another app and the long press mode are not working....i dont know why....please....help....,Rated 2 stars out of five stars,"April 9, 2020","{'neg': 0.0, 'neu': 0.882, 'pos': 0.118, 'compound': 0.4118}",0.4118,Positive,0.012499999999999994,0.7625,Positive
19,Sourav Chakraborty,"Wait! what is this app for? Stream music you say? How to do that? Open with Google Play Music doesnt seem to be working & there wasnt any play sign either. We have YouTube, so, counting out that tab. About lyrics, nah skipping that part.. There are some necessary things in this app, but didnt nee...\nFull Review",Rated 1 stars out of five stars,"April 7, 2020","{'neg': 0.061, 'neu': 0.91, 'pos': 0.029, 'compound': -0.2144}",-0.2144,Negative,0.0,0.75,Negative
20,Pascal Amos.,Shazam I listen to music everyday and I most times hear good ones I need to shazam immediately but........ Since last 2 weeks I havent been able to shazam those songs keeps telling me they is a problem. Please i need yall to work on it a soon as possible so that I can continue enjoying your app. I...\nFull Review,Rated 5 stars out of five stars,"March 25, 2020","{'neg': 0.046, 'neu': 0.803, 'pos': 0.151, 'compound': 0.7322}",0.7322,Positive,0.2857142857142857,0.5702380952380952,Positive
21,Muhammed Hafejee,"It was a great app until Auto Shazam keeps enabling itself somehow automatically! Feels like an Amazon Alexa type conspiracy. I force stop it, but several hours later....bam! Its back on! Im blocking all microphone permission until this has been fixed. Suggest everyone do the same.",Rated 1 stars out of five stars,"March 19, 2020","{'neg': 0.156, 'neu': 0.735, 'pos': 0.109, 'compound': -0.5308}",-0.5308,Negative,0.22000000000000006,0.215,Positive
22,Nick Holden,Excellent song analysis. Does what its supposed to do in a few seconds. Have only tried Songs in English. No ads. Running Android V9 on a Samsung Galaxy J7. 4/9/2020,Rated 5 stars out of five stars,"April 9, 2020","{'neg': 0.069, 'neu': 0.815, 'pos': 0.116, 'compound': 0.3612}",0.3612,Positive,0.2,0.525,Positive
23,Terry chamness,I got to be honest Im stunned at how good this is Ill hear a song on television or the radio and dont know the title Ill just hold my phone right up against it and with in just a few seconds still pop up the song in the artist very impressed,Rated 5 stars out of five stars,"April 9, 2020","{'neg': 0.117, 'neu': 0.722, 'pos': 0.161, 'compound': 0.5563}",0.5563,Positive,0.19795918367346932,0.7336734693877549,Positive
24,Mike Young,"This is great for finding out the names of all those Track # songs I have, but it doesnt seem to work with my bluetooth headphones. It always says that it doesnt quite catch it. I even tried to have have pop-up open and nothing still.",Rated 3 stars out of five stars,"March 28, 2020","{'neg': 0.0, 'neu': 0.943, 'pos': 0.057, 'compound': 0.3716}",0.3716,Positive,0.4,0.625,Positive
25,Nolubabalo Gwiliza,"Woow. This is my first time using this app and I must say it is the best app. Saves a lot of time and data wasted searching for a song I cant find. Im definitely keeping this one, Man I wonder why I never heard about it before",Rated 5 stars out of five stars,"April 1, 2020","{'neg': 0.112, 'neu': 0.802, 'pos': 0.086, 'compound': -0.0665}",-0.0665,Negative,0.2625,0.2833333333333333,Positive
26,Shelby Steer,THIS APP SUCKS! I cant believe Google is a better song searcher than this app. I hear so much great reviews only to be fooled. The only reason this gets one star is because i cant give zero stars. But i appreciate the little feature of placing a musical playlist for my previous searches.,Rated 1 stars out of five stars,"March 26, 2020","{'neg': 0.099, 'neu': 0.728, 'pos': 0.174, 'compound': 0.6638}",0.6638,Positive,0.07135416666666668,0.5270833333333333,Positive
27,Mehul Garg,Auto Shazam doesnt show results even if the song is playing for a long time. Takes approximately 1 minute to identify the song and pop up Shazam keeps on crashing.,Rated 2 stars out of five stars,"April 8, 2020","{'neg': 0.0, 'neu': 0.938, 'pos': 0.062, 'compound': 0.2023}",0.2023,Positive,-0.225,0.5,Negative
28,Akshat Dubey,Pop-up not working. It was the main reason I downloaded this app. The pop-up just shows up and every time it says sorry didn\t catch that. It works fine in the app itself. Fix please.,Rated 3 stars out of five stars,"March 29, 2020","{'neg': 0.036, 'neu': 0.852, 'pos': 0.113, 'compound': 0.4215}",0.4215,Positive,0.027777777777777773,0.6111111111111109,Positive
29,SAM,I have uninstalled this app. Its no longer working. It just keep saying: something doesnt work there. Dont worry we save your shazam \xf0\x9f\x98\x92. It wasnt like this in past and now its useless,Rated 1 stars out of five stars,"April 8, 2020","{'neg': 0.243, 'neu': 0.697, 'pos': 0.06, 'compound': -0.7455}",-0.7455,Negative,-0.375,0.225,Negative
30,khaled angelvs,"I love music, and i used to hear some songs then i search so hard for it, most of the time i dont find them, now thanks to Shazam, i dont have that problem anymore, thnx Shazam \xe2\x9d\xa4\xef\xb8\x8f",Rated 4 stars out of five stars,"April 7, 2020","{'neg': 0.046, 'neu': 0.721, 'pos': 0.233, 'compound': 0.8172}",0.8172,Positive,0.2270833333333333,0.4604166666666666,Positive
31,Ener Oitmaa,Used to work perfect. No it does work only in WiFi and not in mobile network. Have checked all settings and reinstalled multiple times. Happens to other users also. Somethings wrong. Please fix it!,Rated 1 stars out of five stars,"April 7, 2020","{'neg': 0.127, 'neu': 0.721, 'pos': 0.151, 'compound': 0.2481}",0.2481,Positive,0.05,0.655,Positive
32,Mr. Mage alt,"gives me either no result or a completely inaccurate one, last night I searched up a tune from the binding of isaac and the app hooked me up with a celtic orchaestral song, earlier I searched up a certain remix of the sonic 3 boss battle and it hooked me up with polaris, overrated and will not be re...\nFull Review",Rated 1 stars out of five stars,"April 5, 2020","{'neg': 0.084, 'neu': 0.879, 'pos': 0.037, 'compound': -0.4019}",-0.4019,Negative,0.07857142857142857,0.3845238095238095,Positive
33,Sue Gray,Tried to send the verification email many times but Its not getting sent! So I cant setup an account and whenever I play a song to figure out the title it says Im offline.,Rated 2 stars out of five stars,"April 10, 2020","{'neg': 0.051, 'neu': 0.849, 'pos': 0.099, 'compound': 0.3903}",0.3903,Positive,0.625,0.5,Positive
34,Aromal Arow,"The icons (pop-up shazam, auto shazam) in notifications shortcuts blurs and could not open the function when touched. I have to remove and replace the icons continuously to use the function. Please clear the bug.",Rated 4 stars out of five stars,"March 21, 2020","{'neg': 0.0, 'neu': 0.867, 'pos': 0.133, 'compound': 0.5994}",0.5994,Positive,0.05000000000000001,0.44166666666666665,Positive
35,mark bright,"Crappiest application ever, doesn\t identify tracks anymore, its always No Result Try again  and doesn\t work through headphones either. Dont waste your time downloading especially if you are using latest version of android. I\m unimpressed and im uninstalling.",Rated 1 stars out of five stars,"March 29, 2020","{'neg': 0.11, 'neu': 0.835, 'pos': 0.056, 'compound': -0.3111}",-0.3111,Negative,0.1,0.6333333333333333,Positive
36,Tahj Collins,The Shazam is great idea listen to a music for this app maybe find out more have many discover songs and lyrics for artists or as a voice recorder. That app like any kind of music for the years also all of the people to listening music they might be enjoy in the world.,Rated 5 stars out of five stars,"March 21, 2020","{'neg': 0.0, 'neu': 0.833, 'pos': 0.167, 'compound': 0.8689}",0.8689,Positive,0.5599999999999999,0.63,Positive
37,Yasuo Kindred,"I never thought that this app could Identify every songs, I even found the song that is almost impossible to find since its too old and for Kids only... I love this App! No Regrets on downloading this one!!!!!",Rated 5 stars out of five stars,"March 31, 2020","{'neg': 0.136, 'neu': 0.766, 'pos': 0.098, 'compound': 0.3956}",0.3956,Positive,0.042184244791666665,0.6000000000000001,Positive
38,Francisco Martinez,"In an instant I get details of a song being played anywhere. Especially a song clip being played in a movie at the theater, retail stores, restaurants, etc.",Rated 5 stars out of five stars,"April 4, 2020","{'neg': 0.0, 'neu': 0.821, 'pos': 0.179, 'compound': 0.5859}",0.5859,Positive,0.0,0.8333333333333333,Negative
39,Krishna Thakur,This app is reall amazed me a lot. The response time is perfect and I love the lyrics it shows and it has also pop up feature which make it very easy to use.,Rated 5 stars out of five stars,"April 4, 2020","{'neg': 0.0, 'neu': 0.662, 'pos': 0.338, 'compound': 0.9359}",0.9359,Positive,0.6877777777777778,0.8666666666666667,Positive
40,Mark Davis,"Quick to not only melody, but words to any song. I tried to stump SHAZAM and only did 2 times to a song thats been out of print for 30 years. Best identifying music app Ive ever encountered yet",Rated 5 stars out of five stars,"April 9, 2020","{'neg': 0.0, 'neu': 0.858, 'pos': 0.142, 'compound': 0.7783}",0.7783,Positive,0.3333333333333333,0.7,Positive
41,Kaushal Nandan,The app is totally not working now..... Its unable to recognise a single song!!! Everytime it says sorry didnt found the song.... Please get this issue fixed as soon as possible!!!!,Rated 3 stars out of five stars,"March 30, 2020","{'neg': 0.04, 'neu': 0.854, 'pos': 0.106, 'compound': 0.4885}",0.4885,Positive,-0.17325148809523808,0.6107142857142858,Negative
42,Angshuman Sarmah,"Auto Shazam doesnt work properly. Normally its really quick in detecting, but when it comes to auto and background running of it, it takes sooo long to detect.",Rated 2 stars out of five stars,"April 7, 2020","{'neg': 0.0, 'neu': 1.0, 'pos': 0.0, 'compound': 0.0}",0.0,Negative,0.14444444444444446,0.5166666666666666,Positive
43,Jehan Jain,"Great app Has some minor bugs,like sometimes it doesnt get the song but after restarting the app it shows the same song.",Rated 5 stars out of five stars,"April 9, 2020","{'neg': 0.0, 'neu': 0.892, 'pos': 0.108, 'compound': 0.3716}",0.3716,Positive,0.25,0.3583333333333333,Positive
44,katherine bond,"Recently (last few months) my Shazam app has been identifying the wrong songs. And not just once, over and over again.",Rated 3 stars out of five stars,"April 1, 2020","{'neg': 0.134, 'neu': 0.866, 'pos': 0.0, 'compound': -0.4767}",-0.4767,Negative,-0.2333333333333333,0.3555555555555556,Negative
45,The Programmer,"It does not work on my phone. It keep on saying confirm your email or Facebook account, when I try to do so, they do not send me the confirmation link. Please fix this...",Rated 2 stars out of five stars,"March 29, 2020","{'neg': 0.0, 'neu': 0.933, 'pos': 0.067, 'compound': 0.3182}",0.3182,Positive,0.0,0.0,Negative
46,Mario Gaffuri,"Horrible if it doesn\t know a song it suggests me random music not even similar to what I\m listening. Don\t know if there is a partnership or what but it really bothers me. Anyway you can ask ok Google, what song is this? and works exactly like shrazam. Bye",Rated 1 stars out of five stars,"March 27, 2020","{'neg': 0.091, 'neu': 0.797, 'pos': 0.112, 'compound': 0.287}",0.287,Positive,-0.09166666666666667,0.475,Negative
47,Lil_ Saint,i always have this error We saved your Shazam! Well give you the result when youre back online my internet is fine Ive tried vpn but nothing work it used to work on my Samsung phone it doesnt on my Xiaomi idk why,Rated 1 stars out of five stars,"March 29, 2020","{'neg': 0.08, 'neu': 0.808, 'pos': 0.112, 'compound': 0.1229}",0.1229,Positive,0.20833333333333331,0.25,Positive
48,Crystal Hh,"Hell yes! Works perfectly! Found the song I was looking for quickly, even when Google couldnt figure it out! My endless searching is over!",Rated 5 stars out of five stars,"March 21, 2020","{'neg': 0.141, 'neu': 0.612, 'pos': 0.247, 'compound': 0.5374}",0.5374,Positive,0.4201388888888888,0.75,Positive
49,Fwoopp,"Shazam is amazing in many ways. Its useful, simple, free, quick, accurate, and so on. I strongly suggest you download Shazam",Rated 5 stars out of five stars,"April 5, 2020","{'neg': 0.0, 'neu': 0.564, 'pos': 0.436, 'compound': 0.9077}",0.9077,Positive,0.37083333333333335,0.5529761904761904,Positive
50,\xe3\x83\x84RySky,It only works when the song you are looking for is long enough to scan but you have to make sure there is no one talking irl,Rated 3 stars out of five stars,"April 9, 2020","{'neg': 0.091, 'neu': 0.813, 'pos': 0.096, 'compound': 0.0387}",0.0387,Positive,0.1125,0.6972222222222222,Positive
51,Kishan K,Really quick to identify music. Also it connects to your spotify to add the song on your playlist. Great. =D,Rated 5 stars out of five stars,"April 8, 2020","{'neg': 0.0, 'neu': 0.689, 'pos': 0.311, 'compound': 0.8455}",0.8455,Positive,0.7111111111111111,0.75,Positive
52,KEVIN CHEGE,It doesnt work. Every time I try to identify a song it says we didnt quite get that while other versions on a different phone are working. Im running on Android 10 phone Huawei p30 pro VOG-L29.,Rated 1 stars out of five stars,"March 22, 2020","{'neg': 0.0, 'neu': 1.0, 'pos': 0.0, 'compound': 0.0}",0.0,Negative,-0.0625,0.4875,Negative
53,Charlotte Butcher,"I like this app, so smooth and so clean. But, can you add Korea romanization lyrics for maybe such a KPop song? I find it difficult to read the hangul. Thanks!",Rated 5 stars out of five stars,"March 29, 2020","{'neg': 0.07, 'neu': 0.673, 'pos': 0.257, 'compound': 0.7706}",0.7706,Positive,0.10333333333333336,0.5800000000000001,Positive
54,Miss Light Lightning,It keeps on telling me that there is an issue with the app please come back later. This became the job of it every time I try to Shazam something. I am truly upset!,Rated 1 stars out of five stars,"April 1, 2020","{'neg': 0.07, 'neu': 0.782, 'pos': 0.148, 'compound': 0.4389}",0.4389,Positive,0.0,0.0,Negative
55,Alexandru Nica,"I have an issue with the auto shazam. I can\t disable it anymore. Until you fix it, I give you 1 star",Rated 1 stars out of five stars,"March 23, 2020","{'neg': 0.0, 'neu': 1.0, 'pos': 0.0, 'compound': 0.0}",0.0,Negative,0.0,0.0,Negative
56,Jubeininja69,Go with SoundHound instead of Shazam. SoundHound is better at identifying lesser known songs and royalty free music which Shazam could not do. SoundHound is just better overall.,Rated 1 stars out of five stars,"April 5, 2020","{'neg': 0.0, 'neu': 0.733, 'pos': 0.267, 'compound': 0.8442}",0.8442,Positive,0.28,0.46,Positive
57,Sarah Renee,"Wrongly identified a song 5 times. Didnt wait more than 3 seconds before making a guess on a song I was trying to ID. Each time I tried again a different song would come up, never the right one.",Rated 1 stars out of five stars,"April 7, 2020","{'neg': 0.0, 'neu': 1.0, 'pos': 0.0, 'compound': 0.0}",0.0,Negative,0.07142857142857142,0.6339285714285714,Positive
58,rohan ladhani,"After update when ever i open it ,it shows Shazam is setting up and it takes few minutes .then i just getting an technical error .i cant even open my library . Fix it",Rated 1 stars out of five stars,"April 3, 2020","{'neg': 0.083, 'neu': 0.917, 'pos': 0.0, 'compound': -0.4019}",-0.4019,Negative,-0.05,0.3,Negative
59,bigolebulldog,Not nearly as sharp as it used to be. More than half of the music I sample it doesnt recognize... wasnt always like that.,Rated 3 stars out of five stars,"April 1, 2020","{'neg': 0.088, 'neu': 0.912, 'pos': 0.0, 'compound': -0.2755}",-0.2755,Negative,0.13194444444444445,0.4722222222222223,Positive
60,anastasia winchester,Some times it glitches and doesnt even listen to a song before saying that it doesnt have any results.,Rated 4 stars out of five stars,"March 25, 2020","{'neg': 0.0, 'neu': 1.0, 'pos': 0.0, 'compound': 0.0}",0.0,Negative,0.0,0.0,Negative
61,Ebrahim Aladin,Damn ppl best app for songs this should seriously be a system app really easy and very simple but theres only one problem i encountered which is the pop up shazam doesnt work at all plz try to fix and update that other than this its fine,Rated 4 stars out of five stars,"March 31, 2020","{'neg': 0.127, 'neu': 0.716, 'pos': 0.157, 'compound': 0.1522}",0.1522,Positive,0.19880952380952385,0.5913265306122449,Positive
62,stocky flex,"Like Apple, this app never shows flaws. Until you realise that this app covers up flaws just like Apple as if nothing wrong happened, like a boss. When you dont know the tune, why are you afraid to tell us that you indeed dont know the tune? Instead you show me some other result as if you know it ...\nFull Review",Rated 2 stars out of five stars,"March 20, 2020","{'neg': 0.0, 'neu': 0.848, 'pos': 0.152, 'compound': 0.8424}",0.8424,Positive,-0.4083333333333334,0.725,Negative
63,Big Iggy,"Ive been using this app for about 8 years now, its excellent! There is no suitable substitute, Shazam is the shi... a ... best lol",Rated 5 stars out of five stars,"March 31, 2020","{'neg': 0.068, 'neu': 0.59, 'pos': 0.341, 'compound': 0.8687}",0.8687,Positive,0.6312500000000001,0.6875,Positive
64,penelope k,I have lost my Shazam app. Apparently it is installed but Im darned if I can find it! Any suggestions would be appreciated. I used to use it a LOT!,Rated 3 stars out of five stars,"March 22, 2020","{'neg': 0.054, 'neu': 0.782, 'pos': 0.164, 'compound': 0.658}",0.6579999999999999,Positive,0.15625,0.225,Positive
65,Lily Reader,I discovered this from a friend and it is helpful for when you hear a song on the radio but dont know the name of it and want to add it to a playlist on spotify or YouTube,Rated 5 stars out of five stars,"March 23, 2020","{'neg': 0.0, 'neu': 0.85, 'pos': 0.15, 'compound': 0.5346}",0.5346,Positive,0.0,0.0,Negative
66,fred utd,Very effective. But in some cases I could play an an entire song but the app could get its details.,Rated 4 stars out of five stars,"April 7, 2020","{'neg': 0.0, 'neu': 0.814, 'pos': 0.186, 'compound': 0.4398}",0.4398,Positive,0.39,0.8125,Positive
67,Tejaswini Shetty,"Thiss my top favourite app..Omg! even at completely low volume,this will identify the song! And whatever the genre/language, itll will identify.Hats off to this Developers",Rated 5 stars out of five stars,"March 20, 2020","{'neg': 0.107, 'neu': 0.828, 'pos': 0.065, 'compound': -0.2908}",-0.2908,Negative,0.3125,0.4,Positive
68,Miss Heather Bryant,Best application for music lovers! Helps me get together a good playlist everytime I shazam! Love it!,Rated 5 stars out of five stars,"April 10, 2020","{'neg': 0.0, 'neu': 0.355, 'pos': 0.645, 'compound': 0.9594}",0.9594,Positive,0.8333333333333334,0.5,Positive
69,MH YK,This app was very very good to recognize musics and very useful But dont work anymore and show message somthing wrong for a long time ...,Rated 1 stars out of five stars,"April 7, 2020","{'neg': 0.098, 'neu': 0.693, 'pos': 0.21, 'compound': 0.5521}",0.5521,Positive,0.18749999999999994,0.52,Positive
70,J D,"Absolutely love it!! Ever heard a song but have no idea who sings it? Simply press the Shazam button, hold your phone up to the speaker and within seconds it will identify the name of the song, name of the cd, who wrote it, what year it was written, show you the official music video, adds it to your...\nFull Review",Rated 5 stars out of five stars,"February 18, 2020","{'neg': 0.054, 'neu': 0.903, 'pos': 0.044, 'compound': -0.1624}",-0.1624,Negative,0.390625,0.4785714285714285,Positive
71,Abednego Ruzuku,Its exceptionally well coz i have used it for a while but the problem is when I sing the lyrics and it cant recognize the song...........,Rated 4 stars out of five stars,"March 20, 2020","{'neg': 0.135, 'neu': 0.8, 'pos': 0.065, 'compound': -0.4317}",-0.4317,Negative,0.6666666666666666,1.0,Positive
72,Radek Raczkowski,Login method (email confirmation on every new device) is ridiculous. I need to enter the link on the same device.,Rated 3 stars out of five stars,"April 7, 2020","{'neg': 0.122, 'neu': 0.878, 'pos': 0.0, 'compound': -0.3612}",-0.3612,Negative,-0.06565656565656565,0.5265151515151515,Negative
73,Ronnie Gainey,It is a very good app to have so you can find out the music you have not heard before good night and other things about it.,Rated 5 stars out of five stars,"March 23, 2020","{'neg': 0.0, 'neu': 0.79, 'pos': 0.21, 'compound': 0.7496}",0.7496,Positive,0.495,0.5850000000000001,Positive
74,Jason Steve,The auto shazam keeps on turning back on for some reason. Sometimes it refuses to turnoff . You need to fix this,Rated 1 stars out of five stars,"March 19, 2020","{'neg': 0.0, 'neu': 1.0, 'pos': 0.0, 'compound': 0.0}",0.0,Negative,0.0,0.0,Negative
75,Usman Uzzi Khokhar,Somehow the detection feature has gone down in detection quality. Doesnt detect audio like it used to.,Rated 3 stars out of five stars,"March 22, 2020","{'neg': 0.117, 'neu': 0.883, 'pos': 0.0, 'compound': -0.2755}",-0.2755,Negative,-0.1555555555555556,0.2888888888888889,Negative
76,Owusu Prince,"Recommending it for music searchers, very nice app and fast search for foreign and local sounds.ignore the rest, Ive tried most and it doesnt search anything, fake apps.",Rated 5 stars out of five stars,"March 24, 2020","{'neg': 0.0, 'neu': 0.822, 'pos': 0.178, 'compound': 0.6855}",0.6855,Positive,0.1425,0.5375,Positive
77,darc dat,Recognizes main stream songs but struggles with anything else and constantly misidentifies. Library could be organized/laid out better.,Rated 2 stars out of five stars,"March 29, 2020","{'neg': 0.141, 'neu': 0.693, 'pos': 0.167, 'compound': 0.1531}",0.1531,Positive,0.2222222222222222,0.3888888888888888,Positive
78,Mian Kashif,"Im using this app for a long time (years) & sometimes it detects wrong song while sometimes it even cant detect! So after a long time this app gives the same problem as were before though less as before but still exists, according to me it makes mistake of 1 out of 7-to-10songs, so instead of addi...\nFull Review",Rated 3 stars out of five stars,"March 17, 2020","{'neg': 0.125, 'neu': 0.875, 'pos': 0.0, 'compound': -0.7424}",-0.7424,Negative,-0.17833333333333334,0.37833333333333335,Negative
79,Dankboi,"Works well most of the time, but i hate that it cant have any other noise or it doesnt work",Rated 2 stars out of five stars,"March 23, 2020","{'neg': 0.214, 'neu': 0.72, 'pos': 0.066, 'compound': -0.6705}",-0.6705,Negative,-0.1416666666666667,0.5916666666666667,Negative
80,Gianni Mirabito,"Great app, and works perfectly fine. A constant internet connection is required for it to provide its service.",Rated 4 stars out of five stars,"March 28, 2020","{'neg': 0.0, 'neu': 0.581, 'pos': 0.419, 'compound': 0.8779}",0.8779,Positive,0.4055555555555556,0.5277777777777778,Positive
81,Oleg Kuz,"Doesnt work anymore, only if WiFi turned on. :( Started using SoundHound, it working, maybe there some better apps?",Rated 1 stars out of five stars,"April 3, 2020","{'neg': 0.127, 'neu': 0.746, 'pos': 0.127, 'compound': 0.0}",0.0,Negative,-0.08333333333333333,0.8333333333333334,Negative
82,Joseph Bigler,"I cannot download this app onto my Samsung Galaxy A10e using Android 9. Green circle keeps rotating, but it never finishes. I downloaded it over the same network onto my iPad mini 2 in a few seconds. Is anyone having the same issue with Android 9? After I finished writing the one star review, I went...\nFull Review",Rated 1 stars out of five stars,"March 15, 2020","{'neg': 0.0, 'neu': 1.0, 'pos': 0.0, 'compound': 0.0}",0.0,Negative,-0.1,0.1625,Negative
83,reina valdes,"Good for identifying songs - struggles w/ old school rock 70,80s,90 which is ultimately when I would find it most useful - since alot of movie soundtracks use this sound.",Rated 3 stars out of five stars,"March 30, 2020","{'neg': 0.077, 'neu': 0.736, 'pos': 0.187, 'compound': 0.5563}",0.5563,Positive,0.3333333333333333,0.45,Positive
84,Karma Gunz,Excellent App !! Pop-up turn off bug. Cant turn off pop-up from the notification slide.,Rated 3 stars out of five stars,"March 24, 2020","{'neg': 0.0, 'neu': 0.766, 'pos': 0.234, 'compound': 0.6467}",0.6467,Positive,1.0,1.0,Positive
85,Joe D Ponce,I have been using Shazam for years. I totally love this app and could not do without it.,Rated 5 stars out of five stars,"March 26, 2020","{'neg': 0.0, 'neu': 0.77, 'pos': 0.23, 'compound': 0.6697}",0.6697,Positive,0.5,0.6,Positive
86,Ayman Ameen,I love this app but it cant search a song with earpiece/headphone on. Will be nice for the app to be able to search with earpiece/headphone on.,Rated 3 stars out of five stars,"March 31, 2020","{'neg': 0.0, 'neu': 0.785, 'pos': 0.215, 'compound': 0.743}",0.743,Positive,0.5333333333333333,0.7416666666666667,Positive
87,jonathan prinsloo,Almost a 5 star rating but needs to be able to pick up any form of music be it radio TV or even whistling then this app will be 5 star worth but its good for now...,Rated 3 stars out of five stars,"March 19, 2020","{'neg': 0.0, 'neu': 0.838, 'pos': 0.162, 'compound': 0.7351}",0.7351,Positive,0.5,0.4416666666666667,Positive
88,Al Stu,How can some dumb app be faster than me to recognize a song? ... But it does. Even finds really obscure songs and covers.,Rated 5 stars out of five stars,"April 2, 2020","{'neg': 0.13, 'neu': 0.87, 'pos': 0.0, 'compound': -0.5106}",-0.5106,Negative,-0.0875,0.35,Negative
89,John Ward,I do not like that there is always a reminder in my open apps list telling e that the app is ready. I know the app is there My status bar and open apps list is for things I need to be aware of such as family and employer notices,Rated 3 stars out of five stars,"April 8, 2020","{'neg': 0.044, 'neu': 0.903, 'pos': 0.053, 'compound': 0.1002}",0.1002,Positive,0.09,0.45,Positive
90,Samane,I love this bc it when I hear a song that I like and dont know what or who the artist is shazam has all answer. Sometime the song like are from artist I never heard of or is surpising me.,Rated 5 stars out of five stars,"March 27, 2020","{'neg': 0.0, 'neu': 0.782, 'pos': 0.218, 'compound': 0.8481}",0.8481,Positive,0.5,0.6,Positive
91,Megan Weiskopf,Absolutely love this app... I did not know about this app till my husband was like have you ever heard of Shazam? I had no idea,Rated 5 stars out of five stars,"April 10, 2020","{'neg': 0.073, 'neu': 0.696, 'pos': 0.232, 'compound': 0.6997}",0.6997,Positive,0.5,0.6,Positive
92,Kareem Lotfy,The app didnt work every song i serach for it it didnt catch it & tell not found even after last update whats this problem???,Rated 1 stars out of five stars,"March 25, 2020","{'neg': 0.143, 'neu': 0.857, 'pos': 0.0, 'compound': -0.5669}",-0.5669,Negative,0.0,0.06666666666666668,Negative
93,Chidi Anuforo,I like Shazam but what I have been noticing lately is that Auto Shazam automatically starts by itself. Id turn it off and find it back on a few hours later. I dont know why it is and I see Im not the only one whos complained about this. Shazam on startup and auto shazam is not turned on in the s...\nFull Review,Rated 1 stars out of five stars,"February 20, 2020","{'neg': 0.058, 'neu': 0.914, 'pos': 0.029, 'compound': -0.4215}",-0.4215,Negative,-0.13333333333333333,0.31666666666666665,Negative
94,John Smith,"Ive used Shazam since the early 00s, before it even had an app and you just dialed 25802 on your nokia 3210, and it would text you the title. It was free back then too, as it still is now. Shazam doesnt just work lightning fast, it has never crashed, and remains free from any kind of obstructive a...\nFull Review",Rated 5 stars out of five stars,"February 26, 2020","{'neg': 0.0, 'neu': 0.898, 'pos': 0.102, 'compound': 0.765}",0.765,Positive,0.2833333333333334,0.5666666666666667,Positive
95,Jon V,"I like the app, it is useful but has a bad side on it too. I wanna Shazam music playing through my headphones but like 85% of the time it doesnt work like that. I am so annoyed because of that and ALSO Because of that I couldnt find some song names when I had the chance of a lifetime. 3 Stars.",Rated 3 stars out of five stars,"March 16, 2020","{'neg': 0.132, 'neu': 0.655, 'pos': 0.212, 'compound': 0.3819}",0.3819,Positive,-0.2666666666666666,0.4888888888888889,Negative
96,Xerkies,Works good at most times. One song was mistaken as something else. The actual song which was TAPE C by ReptileLegit\xe2\x80\x9d was mistaken as My Tylenol by Jay-Money. So there should be a way of us reporting songs that are not noticable by this app or mistaken as something else. Every thing else is good a...\nFull Review,Rated 4 stars out of five stars,"March 19, 2020","{'neg': 0.118, 'neu': 0.79, 'pos': 0.092, 'compound': -0.1779}",-0.1779,Negative,0.475,0.4500000000000001,Positive
97,Abanobi Michael,Super fast and reliable.... Plus it even does the job without internet connectivity\xf0\x9f\x98\x81,Rated 5 stars out of five stars,"April 10, 2020","{'neg': 0.0, 'neu': 0.755, 'pos': 0.245, 'compound': 0.5994}",0.5994,Positive,0.26666666666666666,0.6333333333333333,Positive
98,Eshan Mir,Best experience over years. Easy detection of music around everywhere. Love Shazam.,Rated 5 stars out of five stars,"April 9, 2020","{'neg': 0.0, 'neu': 0.443, 'pos': 0.557, 'compound': 0.9062}",0.9062,Positive,0.6444444444444445,0.5777777777777778,Positive
99,Tiiu Palum\xc3\xa4e,"Used to really love the app, now it just doesnt work anymore. When going to shazam something, it says setting up for ages and then tells me Im offline (my connectivity is not the problem). When it does manage to load, attempting to shazam results in technical issues and both the song library a...\nFull Review",Rated 1 stars out of five stars,"February 28, 2020","{'neg': 0.025, 'neu': 0.898, 'pos': 0.076, 'compound': 0.6115}",0.6115,Positive,0.25,0.35,Positive
100,Denise Johnson,"Disapointed n app. I thought if a sang a few bars it would tell me the name of the song, but it doesnt it actually have 2 hear the actually record not helpful at all.",Rated 2 stars out of five stars,"March 29, 2020","{'neg': 0.094, 'neu': 0.906, 'pos': 0.0, 'compound': -0.4585}",-0.4585,Negative,-0.06666666666666668,0.10000000000000002,Negative
101,Danie G,Can Shazam almost any song in the world and I look the fact that it can take me right to the song on my Apple Music to add or download.,Rated 5 stars out of five stars,"April 6, 2020","{'neg': 0.0, 'neu': 1.0, 'pos': 0.0, 'compound': 0.0}",0.0,Negative,0.2857142857142857,0.5357142857142857,Positive
102,CELESTE ADRIENNE BOWEN STRIEGEL,Soon as you hit is going to come in. The name of the song you want. You can even set it up on your front screen This is an awesome application Im definitely. Loving this one. All the time it gives you the lyrics right then to. So if youre jamming out to Nine Inch Nails or Queens of the Stone Age. ...\nFull Review,Rated 5 stars out of five stars,"February 7, 2020","{'neg': 0.0, 'neu': 0.833, 'pos': 0.167, 'compound': 0.9001}",0.9001,Positive,0.6285714285714286,0.8285714285714286,Positive
103,Iancovici Dragan,"The pop up shazam and auto shazam quick bar buttons glitch after one song, you have to reinstall everytime. I got samsung galaxy S9+.",Rated 3 stars out of five stars,"March 24, 2020","{'neg': 0.0, 'neu': 1.0, 'pos': 0.0, 'compound': 0.0}",0.0,Negative,0.3333333333333333,0.5,Positive
104,Martin Mgunda,"Makes easier to have your own playlist, either in the club or any other place",Rated 5 stars out of five stars,"April 3, 2020","{'neg': 0.0, 'neu': 0.833, 'pos': 0.167, 'compound': 0.4215}",0.4215,Positive,0.2375,0.6875,Positive
105,YourTrueHijabi,"Its amazing but the thing is.. everytime pop up shazam or auto shazam comes and I disable it, after a day I see its still on and then Im unable to disable it this prohibits me from finding out songs on my screen. Ive reinstalled this like twice just to stop that.",Rated 4 stars out of five stars,"March 22, 2020","{'neg': 0.051, 'neu': 0.836, 'pos': 0.113, 'compound': 0.5287}",0.5287,Positive,0.05000000000000005,0.7,Positive
106,Amber W,"I used to love Shazam until I opened my phone (Samsung Galaxy S9) this morning and it told me its been listening in the background through my microphone \xf0\x9f\x98\xa1. Whenever I turn off my auto-Shazam itll turn back on all of a sudden some times too. Like, Ill turn if off and later on Ill pull my notific...\nFull Review",Rated 1 stars out of five stars,"February 25, 2020","{'neg': 0.088, 'neu': 0.806, 'pos': 0.106, 'compound': 0.2732}",0.2732,Positive,-0.08333333333333333,0.5166666666666667,Negative
107,Paula Grimm,"I love shazam finds most song, very few it does not, however I am constantly getting notifications that it is using my microphone in the background usually for more than 20 minutes at a time. I love it so much I have not deleted it yet, but I probably will if it is always going to use my microphone ...\nFull Review",Rated 3 stars out of five stars,"February 21, 2020","{'neg': 0.0, 'neu': 0.911, 'pos': 0.089, 'compound': 0.6369}",0.6369,Positive,0.21125,0.3891666666666667,Positive
108,Jon Confalone,"If it ain\t broke, don\t fix it... Appleize to you too \xf0\x9f\x8d\x8e. Bang up job! Seriously, you buy a great app that people love & somehow manage to dismantle it. I get wanting to profit off of Shazam, but I don\t understand the need to mess with the functionality of it. Rather than leave it as it was, you...\nFull Review",Rated 1 stars out of five stars,"March 8, 2020","{'neg': 0.126, 'neu': 0.763, 'pos': 0.111, 'compound': 0.1511}",0.1511,Positive,0.19791666666666669,0.5479166666666666,Positive
109,Kishor Kumar Neupane,"One of the best application that I have ever used. This app is completely recommended by me to other people. I really liked this application. Though I am not that crazy about music, I use it to identify music on the bus, car and near other players where I cannot see the name of the music. It has a i...\nFull Review",Rated 5 stars out of five stars,"February 6, 2020","{'neg': 0.0, 'neu': 0.817, 'pos': 0.183, 'compound': 0.8866}",0.8866,Positive,0.13571428571428573,0.5071428571428571,Positive
110,Nathan Nelson,"This app is good, especially since it now works on my A50 with earbuds in. Unfortunately, it seems to only work part of the time with the earbuds. I tried several songs and got no result, but when I unplugged them, it found the song in seconds, even though I have it configured properly. Smh",Rated 3 stars out of five stars,"March 14, 2020","{'neg': 0.111, 'neu': 0.854, 'pos': 0.035, 'compound': -0.5106}",-0.5106,Negative,0.033333333333333326,0.6166666666666667,Positive
111,GG Boi,Its a really good app for finding music. Its accurate and easy to use. Work well if you have apple music.,Rated 5 stars out of five stars,"March 24, 2020","{'neg': 0.0, 'neu': 0.675, 'pos': 0.325, 'compound': 0.8016}",0.8016,Positive,0.5111111111111112,0.6888888888888891,Positive
112,G\xc3\xb6kdeniz Karada\xc4\x9f,"The app works fine. I\m giving it two stars because after Apple bought the app, they removed the default music app selection. Now it has a giant play in Apple music button to drive traffic to their service, and other players are hidden in the overflow menu. Non-apple players can\t be made default....\nFull Review",Rated 2 stars out of five stars,"February 7, 2020","{'neg': 0.0, 'neu': 0.883, 'pos': 0.117, 'compound': 0.6808}",0.6808,Positive,0.031250000000000014,0.5520833333333334,Positive
113,Jay Dacorey,"This app is amazing! Even though Samsung phones have voice recognition, this is a bit more accurate. Now it has more options than just identifying a song. Auto Shazam and pop up Shazam for other apps. And its available on not just phones. Tablets, etc. I recommend. Just what I expect from an Apple p...\nFull Review",Rated 5 stars out of five stars,"February 23, 2020","{'neg': 0.0, 'neu': 0.884, 'pos': 0.116, 'compound': 0.7644}",0.7644,Positive,0.4041666666666667,0.5513888888888888,Positive
114,naya nobody,BEST APP EVER... A MUST HAVE ON EVERY PHONE... I have been downloading this app for years on every phone Ive ever had. And i will continue to do so as long as its around.,Rated 5 stars out of five stars,"March 25, 2020","{'neg': 0.0, 'neu': 0.863, 'pos': 0.137, 'compound': 0.7125}",0.7125,Positive,0.475,0.35,Positive
115,Wildkat X,"Find myself thinking, what song is this? While in playback, the song randomly changes to something else. Great, another song I cant identify. It doesnt spark my curiosity; it makes me annoyed and I close the app. Also, seems to have great trouble with house music. As a Chicagoan, thats a dealbrea...\nFull Review",Rated 3 stars out of five stars,"February 2, 2020","{'neg': 0.118, 'neu': 0.744, 'pos': 0.139, 'compound': 0.4997}",0.4997,Positive,0.1,0.6,Positive
116,Samuel Midzi,Great app works well except for the new feature called Auto Shazam which is impossible to turn off and sometimes even turns itself on when u jus open the app and Shazam one song. This should be looked into and fixed. The app has access to my microphone so if the app is able to stay on all the time e...\nFull Review,Rated 1 stars out of five stars,"February 22, 2020","{'neg': 0.0, 'neu': 0.905, 'pos': 0.095, 'compound': 0.7351}",0.7351,Positive,0.14494949494949494,0.5882575757575758,Positive
117,Terry Marchand,This app used to be great and was groundbreaking when it came on the scene unfortunately my google assistant can tell me names of songs Im listening to just by asking my phone so I am uninstalling shazam as its no longer needed. But I still give shazam a 5 star rating because it was the the first ...\nFull Review,Rated 5 stars out of five stars,"March 2, 2020","{'neg': 0.075, 'neu': 0.859, 'pos': 0.066, 'compound': 0.128}",0.128,Positive,0.18333333333333332,0.6944444444444445,Positive
118,Tobias Louw,I love this app but it actually take a little bit longer to identify a song so can you please fix that,Rated 3 stars out of five stars,"April 5, 2020","{'neg': 0.0, 'neu': 0.741, 'pos': 0.259, 'compound': 0.7136}",0.7136,Positive,0.10416666666666667,0.4,Positive
119,Orpheus Xenakis,"Its features are great, synced lyrics and video are spot on when it gets the song right, but with non English, a bit more obscure songs, it only gets them one out of five times right, on repeated attempts on the same song... Comparatively, SoundHound had impressive accuracy even with songs with YT v...\nFull Review",Rated 2 stars out of five stars,"February 18, 2020","{'neg': 0.0, 'neu': 0.881, 'pos': 0.119, 'compound': 0.7906}",0.7906,Positive,0.35892857142857143,0.5558035714285714,Positive
120,Xx Arixiri xX,"It works! I do appreciate how easy it is to use, ads arent terrible, dosent ask for too much information... its all-round good! Also, It works with some Samsung devices, but mostly apple. I use an A10e Samsung, and it worked just fine.",Rated 5 stars out of five stars,"March 14, 2020","{'neg': 0.0, 'neu': 0.777, 'pos': 0.223, 'compound': 0.808}",0.8079999999999999,Positive,0.2375,0.6055555555555556,Positive
121,Chrissie Hales,Its ok with the latest hits but anything from the 60s it done recognise it has a bonus.. If u play song quiz on alexa it helps u cheat lol \xf0\x9f\x98\x82 \xf0\x9f\xa4\xa3,Rated 5 stars out of five stars,"April 1, 2020","{'neg': 0.101, 'neu': 0.603, 'pos': 0.296, 'compound': 0.7783}",0.7783,Positive,0.6,0.6999999999999998,Positive
122,Farnood Mehrzadegan,"Doesnt work in Iran. I changed my IP to US, but still cant connect to the server!",Rated 1 stars out of five stars,"April 3, 2020","{'neg': 0.0, 'neu': 1.0, 'pos': 0.0, 'compound': 0.0}",0.0,Negative,0.0,0.0,Negative
123,Dhaval Kanani,"In Oneplus 7T, Setup in toolbar, there is not working properly. Shazam popup and auto.",Rated 3 stars out of five stars,"April 5, 2020","{'neg': 0.0, 'neu': 1.0, 'pos': 0.0, 'compound': 0.0}",0.0,Negative,0.0,0.1,Negative
124,Ma Aa,I have simple comment... It just doesnt work. The latest update has made the app next to useless. Its so slow that even after half a song it still has not picked up the song. I had Auto Shazam on during a music documentary and after an hour still had not picked up a song. Unusable unless issues re...\nFull Review,Rated 1 stars out of five stars,"March 14, 2020","{'neg': 0.049, 'neu': 0.951, 'pos': 0.0, 'compound': -0.4215}",-0.4215,Negative,-0.06666666666666668,0.2891156462585034,Negative
125,Anthony ,The one thing Apple does right is music. Much faster and appealing than sound hound. I like how the Shazam logo bounces to let you know its hearing the music. I like how fast the apk launches so I can find a song before it ends. I love how there are no advertisements. Ill always be an android phon...\nFull Review,Rated 5 stars out of five stars,"February 26, 2020","{'neg': 0.078, 'neu': 0.779, 'pos': 0.143, 'compound': 0.6369}",0.6369,Positive,0.22653061224489796,0.5479591836734694,Positive
126,Andrew M,"Recently stopped being able to recognize well known songs, coming from a clear source, with 0 background noise. This is on a couple month old S10+. When this app was in its infancy it could recognize a low quality version of an obscure song in a department store with tons of background noise on an o...\nFull Review",Rated 2 stars out of five stars,"February 15, 2020","{'neg': 0.071, 'neu': 0.847, 'pos': 0.083, 'compound': 0.1779}",0.1779,Positive,0.14,0.3516666666666667,Positive
127,Valerie S,Doesn\t work on my new phone! Went from a Galaxy S6 to an S7 Edge recently and installed it. Nothing I shazamed gave me a result! I went back to the app on my S6 and it identified songs on 5 seconds or less! So I\m not happy at the moment. It\s not like I went from android to Apple for pity sake! ...\nFull Review,Rated 1 stars out of five stars,"March 11, 2020","{'neg': 0.135, 'neu': 0.865, 'pos': 0.0, 'compound': -0.8289}",-0.8289,Negative,-0.0938131313131313,0.3285353535353535,Negative
128,Mladen Luketin,Works as advertised. Doesnt sell me a bunch of nonsense.... Pretty close to an essential app.,Rated 5 stars out of five stars,"March 20, 2020","{'neg': 0.0, 'neu': 0.814, 'pos': 0.186, 'compound': 0.4939}",0.4939,Positive,0.125,0.65,Positive
129,Kubbyskoo 2015,Awesome! I don\t have to spend alot of time asking around or waiting for my fav dj to tell me who sang or the name of the song! Now I just Shazam it and I\ve got both the name and artist! Great app!,Rated 5 stars out of five stars,"March 18, 2020","{'neg': 0.0, 'neu': 0.754, 'pos': 0.246, 'compound': 0.9241}",0.9241,Positive,1.0,0.875,Positive
130,Chuck Poe,I am amazed how well this works in the noisiest of enviroments. I was in a local casino with all the noisy slot machines going on around me when a song came on I wanted to know what it is. I fired up Shazam and in a few seconds it identified the song. I use this almost everyday to id songs being pla...\nFull Review,Rated 5 stars out of five stars,"February 5, 2020","{'neg': 0.085, 'neu': 0.831, 'pos': 0.085, 'compound': 0.0}",0.0,Negative,-0.13333333333333333,0.2333333333333333,Negative
131,Deon Gomes,"Lot of problems lately with Pop-Up Shazam where it doesnt recognize any song played on any other app. Even when it comes to famous songs that can be Shazamed in seconds using the regular Shazam feature. Also, even if it gives a result (rarely) it gives a totally different result. Pop-Up Shazam used...\nFull Review",Rated 1 stars out of five stars,"February 27, 2020","{'neg': 0.049, 'neu': 0.907, 'pos': 0.044, 'compound': -0.0772}",-0.0772,Negative,0.0625,0.5919871794871795,Positive
132,Farshad DWar,This app is not working. It even doesnt send me sign up confirmation email. Also not allowing me to sign in using my facebook acc.,Rated 1 stars out of five stars,"March 27, 2020","{'neg': 0.0, 'neu': 1.0, 'pos': 0.0, 'compound': 0.0}",0.0,Negative,0.0,0.0,Negative
133,Pacifique Cyuzuzo,Shazam is best app i ever know But for its developers can teach me how to develop it!! Thanks,Rated 5 stars out of five stars,"April 8, 2020","{'neg': 0.0, 'neu': 0.676, 'pos': 0.324, 'compound': 0.8264}",0.8264,Positive,0.6,0.25,Positive
134,Paul-Mark YT,Youve messed up the app. Auto shazam and pop up shazam features are broken. Fix asap!,Rated 2 stars out of five stars,"April 9, 2020","{'neg': 0.293, 'neu': 0.707, 'pos': 0.0, 'compound': -0.6996}",-0.6996,Negative,-0.5,0.4,Negative
135,Sam S,"Doesnt produce required results some of the time, but does its job pretty well. Good luck with future updates. Thx",Rated 4 stars out of five stars,"March 20, 2020","{'neg': 0.0, 'neu': 0.454, 'pos': 0.546, 'compound': 0.9587}",0.9587,Positive,0.31666666666666665,0.5750000000000001,Positive
136,Miche Cloete,Love this app. It gets the song I want I seconds. But it can be better.,Rated 4 stars out of five stars,"April 9, 2020","{'neg': 0.0, 'neu': 0.567, 'pos': 0.433, 'compound': 0.8126}",0.8126,Positive,0.5,0.55,Positive
137,Holly Cain,Pretty good. Best one out there. But not perfect. Some songs it has gotten wrong and some it cant find at all. But its still 98% accurate. Id like to see it translate foreign titles into english. I listen to a lot of Japanese music and cant read the language. So for it to show it in natural lang...\nFull Review,Rated 4 stars out of five stars,"February 12, 2020","{'neg': 0.084, 'neu': 0.704, 'pos': 0.211, 'compound': 0.8482}",0.8482,Positive,0.1325,0.4958333333333334,Positive
138,Bett.k. Hert,"Wow the app is just so amazing, never stoping, has auto and pop-up shazam. its crazy, one more thing a dark theme as an option added would make it look great. Sometimes my phone gets to a dark some kind of theme on opening it really looks great",Rated 5 stars out of five stars,"April 6, 2020","{'neg': 0.04, 'neu': 0.68, 'pos': 0.28, 'compound': 0.9474}",0.9474,Positive,0.27,0.67,Positive
139,Listen 1,I cant turn On AutoShazam!! When PopUp Shazam is On the Shazam Button doesnt appear! Samsung A10,Rated 2 stars out of five stars,"March 25, 2020","{'neg': 0.0, 'neu': 1.0, 'pos': 0.0, 'compound': 0.0}",0.0,Negative,0.0,0.0,Negative
140,Jyotish Pratim Saikia,Very useful app . Results are accurate . Iam really loving this app. But I have a small request to the developers to add the feature of find out songs from youtube videos . Because we need two Phone to use Shazam app and i think maximum of the users use this app to find out song or soundtrack from y...\nFull Review,Rated 5 stars out of five stars,"January 16, 2020","{'neg': 0.0, 'neu': 0.88, 'pos': 0.12, 'compound': 0.8119}",0.8119,Positive,0.28500000000000003,0.4958333333333334,Positive
141,Tudor Bucovanu,The best app I have know. When I press pop up shazam is showing me the lyrics of the music. \xf0\x9f\x98\x8d\xf0\x9f\xa4\x97 and it s showing remixes too.,Rated 5 stars out of five stars,"March 30, 2020","{'neg': 0.0, 'neu': 0.846, 'pos': 0.154, 'compound': 0.6369}",0.6369,Positive,1.0,0.3,Positive
142,shaggy tovey,"Im giving it one star it was a brilliant app but for some reason it wont let me shazam any songs now, so if it carries on Im deleting the app",Rated 1 stars out of five stars,"April 1, 2020","{'neg': 0.0, 'neu': 0.872, 'pos': 0.128, 'compound': 0.4767}",0.4767,Positive,0.9,1.0,Positive
143,Ian Ethan,"This is the second time Ive had to write this as the Shazam team or Google apparently deleted my previous review. I have caught Shazam on multiple occasions activating auto-Shazam without my consent, disabling it when I go to check on it, then reactivating it after I leave it alone. There are no us...\nFull Review",Rated 1 stars out of five stars,"February 1, 2020","{'neg': 0.125, 'neu': 0.83, 'pos': 0.045, 'compound': -0.3637}",-0.3637,Negative,-0.029166666666666664,0.12916666666666665,Negative
144,Michael Campbell,I have noticed that the developers of this app have not put the work in when it comes to the auto Shazam section of the app. You can nearly instantly get a result for a tune when Shazam is pressed but wait a whole day (if it works at all) for the same tune when using auto Shazam. Why is there not co...\nFull Review,Rated 3 stars out of five stars,"March 5, 2020","{'neg': 0.0, 'neu': 1.0, 'pos': 0.0, 'compound': 0.0}",0.0,Negative,0.06666666666666668,0.3972222222222222,Positive
145,Philip Koshy Vaidyan,"I love this app. I recommend this ap to everybody who loves music. I can easily identify & discover songs. I can also see the lyrics of my Shazamed songs. If you connect it with your account, the song will be saved in your library. I can connect it to Spotify & instantly play that song.",Rated 5 stars out of five stars,"March 13, 2020","{'neg': 0.0, 'neu': 0.705, 'pos': 0.295, 'compound': 0.9517}",0.9517,Positive,0.3111111111111111,0.7000000000000001,Positive
146,Alwyn Van Oudtshoorn,This app is literally the best app i ever downloaded in my life. It can catch the sountrack of the song even if you are far away from a radio.This is the perfect app for me because every time when i want to listen music or copy the music from the radio it takes me soo long just to get on the radio a...\nFull Review,Rated 5 stars out of five stars,"February 12, 2020","{'neg': 0.0, 'neu': 0.865, 'pos': 0.135, 'compound': 0.8481}",0.8481,Positive,0.5125000000000001,0.6749999999999999,Positive
147,Waji Dabang,"Its a great app but ive been thinking, Can you guys take shazam to the next level by helping us get song details just by typing in part of lyrics we remember. Sometimes we dont have the mp3 playing but we know a part of the lyrics. Typing into google looking for the details of a song takes a lot of ...\nFull Review",Rated 4 stars out of five stars,"February 29, 2020","{'neg': 0.0, 'neu': 0.881, 'pos': 0.119, 'compound': 0.7615}",0.7615,Positive,0.4,0.375,Positive
148,Viren Patare,Excellent app. The Auto Shazam feature is turning on by itself from a last few updates,Rated 5 stars out of five stars,"March 19, 2020","{'neg': 0.0, 'neu': 0.791, 'pos': 0.209, 'compound': 0.5719}",0.5719,Positive,0.26666666666666666,0.3888888888888889,Positive
149,RMs wifeu,"shazam wont even shazam any more. I updated, and it doesnt work.",Rated 1 stars out of five stars,"March 29, 2020","{'neg': 0.0, 'neu': 1.0, 'pos': 0.0, 'compound': 0.0}",0.0,Negative,0.5,0.5,Positive
150,Sukhan Waly,Fav app ever. You can find every song by just opening the app in background. Highly recommended you will love it.,Rated 5 stars out of five stars,"April 8, 2020","{'neg': 0.0, 'neu': 0.66, 'pos': 0.34, 'compound': 0.8516}",0.8516,Positive,0.33,0.57,Positive
151,Kari Wynter,Absolutely useless I couldnt get a single song title. It always says no result.,Rated 1 stars out of five stars,"March 26, 2020","{'neg': 0.346, 'neu': 0.654, 'pos': 0.0, 'compound': -0.6478}",-0.6478,Negative,-0.2857142857142857,0.20714285714285716,Negative
152,Strokey Nonce-sense [Red C],"This is a generic song finder that was at one time a stand alone, and a GO TO. Now its just bogged down with so much OTHER trash and they keepnsaying HOW FAST it is now when in reality its actually much slower then its ever been. Ive been using it since literally day one. Its been on like 4 or more ...\nFull Review",Rated 2 stars out of five stars,"February 23, 2020","{'neg': 0.032, 'neu': 0.928, 'pos': 0.04, 'compound': 0.128}",0.128,Positive,0.05992063492063492,0.29484126984126985,Positive
153,J M,Keep getting no result even though ive tried going closer and away from the music...annoying!,Rated 2 stars out of five stars,"March 27, 2020","{'neg': 0.151, 'neu': 0.849, 'pos': 0.0, 'compound': -0.3595}",-0.3595,Negative,0.0,0.0,Negative
154,Aj Haynes,This review will be simple especially when I dont know what the songs name is :-) its a great app,Rated 5 stars out of five stars,"April 2, 2020","{'neg': 0.0, 'neu': 0.714, 'pos': 0.286, 'compound': 0.7506}",0.7506,Positive,0.325,0.7767857142857143,Positive
155,Roberta R. Castro,"In general it was an amazing app. But recently I have been trying with Spotify music. As this app can listen from headphones, I was trying and I always get no result. But if I manually search for the music, it can be found. Sad.",Rated 2 stars out of five stars,"February 21, 2020","{'neg': 0.113, 'neu': 0.807, 'pos': 0.081, 'compound': -0.128}",-0.128,Negative,0.03750000000000003,0.6625,Positive
156,Joe Saputra,"Such a helpful application, when you hear a song you like and dont know the name of it, BAM this app does the work to tell you the name of it.",Rated 5 stars out of five stars,"March 18, 2020","{'neg': 0.0, 'neu': 0.836, 'pos': 0.164, 'compound': 0.6486}",0.6486,Positive,0.0,0.5,Negative
157,V Robinson,For some reason its not recognizing the Music keeps saying try again for the past 8 times,Rated 3 stars out of five stars,"March 21, 2020","{'neg': 0.0, 'neu': 1.0, 'pos': 0.0, 'compound': 0.0}",0.0,Negative,-0.25,0.25,Negative
158,Stafford Emery,It was working fine on my note 9 but then all of a sudden is stop shazaming the songs,Rated 3 stars out of five stars,"March 25, 2020","{'neg': 0.146, 'neu': 0.781, 'pos': 0.073, 'compound': -0.34}",-0.34,Negative,0.20833333333333331,0.5,Positive
159,Brent Hollett,"While this does the job, it loses a star because the only music method on an ANDROID device is Apple Music...",Rated 4 stars out of five stars,"March 27, 2020","{'neg': 0.108, 'neu': 0.892, 'pos': 0.0, 'compound': -0.3182}",-0.3182,Negative,-0.15,0.55,Negative
